event_id,tc_name,year,PER_flag,TCWV_env,IVT_env,n_days
2,Mary,1960,1,59.46997975497777,355.7908545507869,12
6,Shirley,1960,1,61.92938211687685,523.2893957418427,13
8,Trix,1960,1,70.59872128711302,357.58068294781145,13
65,Wanda,1962,1,61.6648146436311,373.0115427944207,12
86,Gloria,1963,1,61.06658313939952,386.01375893454593,11
89,Viola,1964,1,58.218232563911215,292.62363068714006,13
121,Mary,1965,1,45.5370487716112,254.30856169410637,11
154,Fran,1967,1,65.06525810149056,298.951920209731,11
276,Kate,1973,1,70.74791228520527,394.13194627747345,11
318,Ora,1975,1,61.3886804431236,335.7408442201193,12
343,Iris,1976,1,55.55629721148277,263.00309321712825,20
371,Agnes,1978,1,63.41319070128685,315.9402788429285,14
385,Lola,1978,1,60.20758653254327,321.08143707699367,11
400,Nancy,1979,1,58.86131230212482,364.2925666240908,12
424,Maury,1981,1,63.887964415700104,402.8521519318794,12
484,Hal,1985,1,61.736880420867344,351.1989287205659,12
493,(nameless),1985,1,64.97531460948525,312.3258598149794,18
506,Mac,1986,1,59.74273123645036,266.0537618660311,14
585,(nameless),1990,1,64.64007905681179,253.37858277739534,11
595,Yancy,1990,1,61.66527052197859,525.1568907654166,11
648,Dot,1993,1,54.57586540241146,255.8499837865037,12
651,Russ,1994,1,64.76916336092086,345.93772714419794,12
688,Ted,1995,1,49.79503822285464,224.98322566988446,11
699,WILLIE,1996,1,63.038752495419374,301.5028146972489,12
773,Fitow,2001,1,62.11384146012876,288.7294621662464,22
790,Hagupit,2002,1,57.26185578743104,331.3188277790735,12
791,Mekkhala,2002,1,55.11679653665376,226.03860045182344,11
857,Sepat,2007,1,64.89126654251594,301.4286419072627,13
883,Goni,2009,1,65.07080664784095,385.18798536254826,12
884,Morakot,2009,1,61.61484856116039,431.91539064941594,11
902,(nameless),2010,1,55.75441735209217,257.0605155836367,12
926,Haikui,2012,1,61.21733830532074,406.12248732729165,11
941,Utor,2013,1,64.66576511846209,398.47111734583194,11
1016,EWINIAR,2018,1,62.29679328723609,286.389454710259,13
1020,SON-TINH,2018,1,70.63672917744269,343.4991244358335,13
1024,BEBINCA,2018,1,70.65928855600986,281.0365589419743,14
1026,RUMBIA,2018,1,52.85407612573278,306.6455657213594,11
1041,LEKIMA,2019,1,54.079173406947945,329.1877902945706,12
1045,KAJIKI,2019,1,62.86728106419977,382.5425617616387,13
1078,In-fa,2021,1,57.06126194753126,344.2240959706891,14
1112,HAIKUI,2023,1,66.40735928777767,327.4587176161144,14
