event_id,RT_e_hours,RT_e_days,RT_local_hours,RT_local_days,vt_mean_kmh,vt_min_kmh,n_track_records,RT_quartile
1,24.0,1.0,18.0,0.75,12.8,10.2,5,Short
2,168.0,7.0,42.0,1.75,16.9,4.0,28,Extreme
3,54.0,2.25,36.0,1.5,13.8,9.1,10,Moderate
4,78.0,3.25,42.0,1.75,20.5,11.9,14,Long
5,126.0,5.25,30.0,1.25,30.8,9.4,24,Extreme
6,174.0,7.25,72.0,3.0,14.2,7.1,30,Extreme
7,102.0,4.25,72.0,3.0,10.9,5.8,18,Extreme
8,168.0,7.0,78.0,3.25,16.1,7.9,29,Extreme
9,18.0,0.75,0.0,0.0,31.1,19.8,4,Short
10,66.0,2.75,54.0,2.25,12.3,6.2,12,Long
11,72.0,3.0,24.0,1.0,13.8,7.6,13,Long
12,42.0,1.75,30.0,1.25,24.9,19.0,8,Moderate
13,216.0,9.0,120.0,5.0,13.2,5.5,37,Extreme
14,90.0,3.75,12.0,0.5,36.0,17.9,16,Extreme
15,24.0,1.0,12.0,0.5,45.9,42.4,4,Short
16,24.0,1.0,6.0,0.25,23.8,13.9,4,Short
17,54.0,2.25,30.0,1.25,21.8,18.2,10,Moderate
18,36.0,1.5,18.0,0.75,42.7,31.9,8,Moderate
19,48.0,2.0,36.0,1.5,17.9,12.9,9,Moderate
20,120.0,5.0,42.0,1.75,15.4,8.8,21,Extreme
21,90.0,3.75,84.0,3.5,12.7,9.0,16,Extreme
22,54.0,2.25,36.0,1.5,19.0,15.2,10,Moderate
23,96.0,4.0,30.0,1.25,25.7,9.9,16,Extreme
24,60.0,2.5,42.0,1.75,7.8,5.1,10,Long
25,48.0,2.0,18.0,0.75,18.7,14.7,9,Moderate
26,72.0,3.0,24.0,1.0,40.8,16.8,12,Long
27,6.0,0.25,6.0,0.25,21.3,21.3,2,Short
28,114.0,4.75,42.0,1.75,18.4,12.7,20,Extreme
29,24.0,1.0,6.0,0.25,20.6,18.0,5,Short
30,72.0,3.0,48.0,2.0,15.0,5.7,13,Long
31,18.0,0.75,18.0,0.75,15.3,8.5,4,Short
32,42.0,1.75,36.0,1.5,21.3,14.0,8,Moderate
33,72.0,3.0,24.0,1.0,19.8,7.8,13,Long
34,54.0,2.25,24.0,1.0,22.2,6.3,10,Moderate
35,24.0,1.0,6.0,0.25,29.0,19.6,4,Short
36,12.0,0.5,0.0,0.0,28.0,22.1,3,Short
37,6.0,0.25,6.0,0.25,21.0,13.1,4,Short
38,54.0,2.25,30.0,1.25,16.3,10.2,12,Moderate
39,54.0,2.25,24.0,1.0,13.9,5.8,10,Moderate
40,18.0,0.75,0.0,0.0,18.9,12.6,4,Short
41,30.0,1.25,6.0,0.25,42.4,18.8,6,Short
42,30.0,1.25,18.0,0.75,28.7,23.6,6,Short
43,66.0,2.75,42.0,1.75,23.4,16.9,12,Long
44,108.0,4.5,66.0,2.75,15.7,9.1,19,Extreme
45,66.0,2.75,24.0,1.0,14.4,7.6,12,Long
46,96.0,4.0,60.0,2.5,14.3,5.1,17,Extreme
47,66.0,2.75,42.0,1.75,23.4,8.9,12,Long
48,54.0,2.25,42.0,1.75,21.7,14.7,10,Moderate
49,48.0,2.0,30.0,1.25,27.6,17.2,9,Moderate
50,72.0,3.0,54.0,2.25,25.7,10.8,12,Long
51,36.0,1.5,12.0,0.5,19.7,17.1,7,Moderate
52,30.0,1.25,24.0,1.0,27.4,17.9,6,Short
53,78.0,3.25,36.0,1.5,15.7,7.2,14,Long
54,24.0,1.0,6.0,0.25,30.6,23.7,4,Short
55,24.0,1.0,18.0,0.75,58.3,43.5,4,Short
56,6.0,0.25,0.0,0.0,68.6,68.6,2,Short
57,60.0,2.5,24.0,1.0,25.1,11.6,11,Long
58,126.0,5.25,60.0,2.5,15.6,5.8,22,Extreme
59,90.0,3.75,30.0,1.25,37.4,17.0,16,Extreme
60,12.0,0.5,0.0,0.0,22.5,15.5,3,Short
61,96.0,4.0,30.0,1.25,36.4,21.4,16,Extreme
62,12.0,0.5,6.0,0.25,25.5,17.5,4,Short
63,72.0,3.0,36.0,1.5,25.7,17.7,13,Long
64,42.0,1.75,18.0,0.75,13.9,9.7,8,Moderate
65,156.0,6.5,78.0,3.25,13.8,6.8,27,Extreme
66,120.0,5.0,30.0,1.25,34.2,14.7,20,Extreme
67,54.0,2.25,30.0,1.25,18.7,14.1,12,Moderate
68,72.0,3.0,36.0,1.5,19.9,9.6,13,Long
69,36.0,1.5,30.0,1.25,18.8,12.8,7,Moderate
70,36.0,1.5,30.0,1.25,18.6,3.7,7,Moderate
71,144.0,6.0,90.0,3.75,6.9,3.7,24,Extreme
72,12.0,0.5,6.0,0.25,13.1,12.8,2,Short
73,42.0,1.75,30.0,1.25,30.6,21.0,8,Moderate
74,30.0,1.25,12.0,0.5,44.7,25.5,8,Short
75,60.0,2.5,30.0,1.25,18.0,9.5,11,Long
76,72.0,3.0,66.0,2.75,12.1,3.3,13,Long
77,18.0,0.75,18.0,0.75,8.3,7.3,4,Short
78,12.0,0.5,12.0,0.5,29.9,19.4,3,Short
79,96.0,4.0,72.0,3.0,15.9,8.8,17,Extreme
80,96.0,4.0,36.0,1.5,11.3,1.9,17,Extreme
81,72.0,3.0,48.0,2.0,20.6,13.3,13,Long
82,72.0,3.0,24.0,1.0,17.5,6.5,13,Long
83,78.0,3.25,36.0,1.5,17.7,12.8,14,Long
84,48.0,2.0,42.0,1.75,9.1,5.4,8,Moderate
85,108.0,4.5,72.0,3.0,16.0,9.5,19,Extreme
86,120.0,5.0,90.0,3.75,12.1,5.0,21,Extreme
87,24.0,1.0,6.0,0.25,22.7,17.4,4,Short
88,60.0,2.5,42.0,1.75,12.0,6.6,11,Long
89,162.0,6.75,72.0,3.0,11.0,5.1,28,Extreme
90,60.0,2.5,48.0,2.0,24.2,16.2,11,Long
91,60.0,2.5,36.0,1.5,17.3,11.6,11,Long
92,120.0,5.0,24.0,1.0,21.9,7.3,21,Extreme
93,90.0,3.75,24.0,1.0,35.8,18.4,16,Extreme
94,60.0,2.5,42.0,1.75,22.4,10.1,11,Long
95,126.0,5.25,114.0,4.75,14.0,5.1,22,Extreme
96,84.0,3.5,84.0,3.5,5.3,3.5,15,Long
97,54.0,2.25,30.0,1.25,21.5,12.6,10,Moderate
98,66.0,2.75,42.0,1.75,22.1,15.2,12,Long
99,210.0,8.75,144.0,6.0,13.4,3.9,37,Extreme
100,60.0,2.5,36.0,1.5,18.6,9.0,11,Long
101,6.0,0.25,0.0,0.0,15.8,15.8,2,Short
102,42.0,1.75,36.0,1.5,18.8,17.9,8,Moderate
103,36.0,1.5,24.0,1.0,30.3,25.4,7,Moderate
104,54.0,2.25,42.0,1.75,21.2,17.7,10,Moderate
105,120.0,5.0,48.0,2.0,19.0,6.4,20,Extreme
106,54.0,2.25,36.0,1.5,28.9,21.2,10,Moderate
107,36.0,1.5,12.0,0.5,18.4,11.6,7,Moderate
108,24.0,1.0,6.0,0.25,28.2,15.7,4,Short
109,144.0,6.0,36.0,1.5,16.8,5.6,24,Extreme
110,66.0,2.75,42.0,1.75,17.2,11.7,12,Long
111,42.0,1.75,18.0,0.75,42.0,20.7,8,Moderate
112,24.0,1.0,6.0,0.25,22.7,20.4,5,Short
113,60.0,2.5,48.0,2.0,10.2,7.7,11,Long
114,54.0,2.25,36.0,1.5,26.1,19.4,10,Moderate
115,24.0,1.0,12.0,0.5,24.0,17.8,4,Short
116,90.0,3.75,66.0,2.75,16.7,8.2,16,Extreme
117,90.0,3.75,30.0,1.25,37.5,18.6,16,Extreme
118,6.0,0.25,6.0,0.25,11.6,11.6,2,Short
119,48.0,2.0,30.0,1.25,35.4,18.5,12,Moderate
120,114.0,4.75,90.0,3.75,12.9,6.4,20,Extreme
121,138.0,5.75,60.0,2.5,16.7,7.5,24,Extreme
122,42.0,1.75,36.0,1.5,24.4,14.2,8,Moderate
123,84.0,3.5,42.0,1.75,19.8,14.0,15,Long
124,102.0,4.25,66.0,2.75,10.0,0.0,18,Extreme
125,108.0,4.5,60.0,2.5,9.8,5.2,19,Extreme
126,84.0,3.5,42.0,1.75,24.1,9.4,16,Long
127,54.0,2.25,36.0,1.5,19.2,15.2,10,Moderate
128,54.0,2.25,24.0,1.0,28.4,21.2,10,Moderate
129,24.0,1.0,12.0,0.5,15.9,11.6,5,Short
130,84.0,3.5,54.0,2.25,16.4,12.1,15,Long
131,24.0,1.0,12.0,0.5,20.5,17.9,5,Short
132,78.0,3.25,36.0,1.5,17.8,11.4,14,Long
133,48.0,2.0,12.0,0.5,19.0,8.9,8,Moderate
134,54.0,2.25,24.0,1.0,20.6,15.2,10,Moderate
135,132.0,5.5,78.0,3.25,10.6,6.2,23,Extreme
136,114.0,4.75,36.0,1.5,24.5,12.6,20,Extreme
137,48.0,2.0,24.0,1.0,13.0,11.1,8,Moderate
138,12.0,0.5,6.0,0.25,30.7,25.6,4,Short
139,24.0,1.0,12.0,0.5,19.4,16.8,5,Short
140,60.0,2.5,42.0,1.75,18.5,6.5,11,Long
141,108.0,4.5,42.0,1.75,19.3,6.3,19,Extreme
142,48.0,2.0,30.0,1.25,21.0,10.5,8,Moderate
143,96.0,4.0,48.0,2.0,12.4,4.1,16,Extreme
144,24.0,1.0,12.0,0.5,17.4,15.2,4,Short
145,72.0,3.0,24.0,1.0,14.2,5.8,13,Long
146,36.0,1.5,18.0,0.75,21.0,17.3,7,Moderate
147,42.0,1.75,24.0,1.0,24.7,18.1,8,Moderate
148,48.0,2.0,24.0,1.0,19.1,13.1,8,Moderate
149,54.0,2.25,24.0,1.0,16.4,12.1,10,Moderate
150,12.0,0.5,0.0,0.0,13.8,13.2,3,Short
151,18.0,0.75,6.0,0.25,13.9,8.7,4,Short
152,102.0,4.25,36.0,1.5,24.1,10.3,18,Extreme
153,30.0,1.25,6.0,0.25,20.9,9.1,5,Short
154,132.0,5.5,78.0,3.25,11.0,5.6,23,Extreme
155,42.0,1.75,24.0,1.0,22.9,15.1,8,Moderate
156,60.0,2.5,36.0,1.5,14.8,10.4,11,Long
157,78.0,3.25,66.0,2.75,16.1,6.4,14,Long
158,78.0,3.25,30.0,1.25,18.1,8.9,14,Long
159,36.0,1.5,18.0,0.75,27.6,17.0,7,Moderate
160,24.0,1.0,6.0,0.25,14.4,12.3,5,Short
161,54.0,2.25,24.0,1.0,27.9,22.4,10,Moderate
162,18.0,0.75,18.0,0.75,17.7,13.8,4,Short
163,96.0,4.0,42.0,1.75,22.1,16.2,17,Extreme
164,24.0,1.0,6.0,0.25,19.5,17.0,4,Short
165,78.0,3.25,60.0,2.5,14.0,9.1,14,Long
166,24.0,1.0,12.0,0.5,22.0,19.8,4,Short
167,48.0,2.0,24.0,1.0,22.8,17.4,9,Moderate
168,24.0,1.0,6.0,0.25,13.1,11.9,4,Short
169,36.0,1.5,36.0,1.5,13.8,7.1,7,Moderate
170,36.0,1.5,18.0,0.75,20.6,13.4,7,Moderate
171,18.0,0.75,12.0,0.5,8.1,5.8,4,Short
172,48.0,2.0,30.0,1.25,9.5,6.4,8,Moderate
173,30.0,1.25,18.0,0.75,14.2,11.9,6,Short
174,48.0,2.0,30.0,1.25,11.7,7.1,8,Moderate
175,0.0,0.0,0.0,0.0,,,1,Short
176,90.0,3.75,78.0,3.25,15.2,4.1,16,Extreme
177,6.0,0.25,6.0,0.25,15.5,15.5,2,Short
178,84.0,3.5,48.0,2.0,15.8,10.2,15,Long
179,66.0,2.75,48.0,2.0,18.3,15.1,12,Long
180,72.0,3.0,48.0,2.0,16.5,5.8,12,Long
181,36.0,1.5,18.0,0.75,39.2,13.7,9,Moderate
182,84.0,3.5,60.0,2.5,15.8,9.3,15,Long
183,288.0,12.0,174.0,7.25,12.2,4.0,49,Extreme
184,108.0,4.5,36.0,1.5,16.3,5.1,19,Extreme
185,12.0,0.5,12.0,0.5,14.8,12.5,3,Short
186,72.0,3.0,42.0,1.75,11.0,7.8,13,Long
187,36.0,1.5,24.0,1.0,21.5,16.9,7,Moderate
188,78.0,3.25,42.0,1.75,18.3,9.9,14,Long
189,102.0,4.25,54.0,2.25,20.5,13.5,18,Extreme
190,12.0,0.5,6.0,0.25,19.1,17.4,3,Short
191,96.0,4.0,60.0,2.5,18.6,6.1,18,Extreme
192,72.0,3.0,36.0,1.5,23.1,17.8,13,Long
193,96.0,4.0,54.0,2.25,10.8,6.3,16,Extreme
194,66.0,2.75,18.0,0.75,32.9,13.9,12,Long
195,108.0,4.5,48.0,2.0,31.2,18.8,20,Extreme
196,72.0,3.0,72.0,3.0,6.5,0.0,12,Long
197,24.0,1.0,6.0,0.25,7.4,5.4,4,Short
198,72.0,3.0,18.0,0.75,30.8,10.7,12,Long
199,42.0,1.75,42.0,1.75,18.5,8.2,8,Moderate
200,36.0,1.5,12.0,0.5,29.1,26.5,6,Moderate
201,42.0,1.75,18.0,0.75,21.0,14.6,8,Moderate
202,90.0,3.75,60.0,2.5,12.7,8.2,16,Extreme
203,24.0,1.0,6.0,0.25,19.0,14.8,4,Short
204,60.0,2.5,30.0,1.25,26.0,11.8,11,Long
205,102.0,4.25,60.0,2.5,17.0,6.2,18,Extreme
206,24.0,1.0,24.0,1.0,10.0,9.2,5,Short
207,48.0,2.0,18.0,0.75,27.4,17.4,9,Moderate
208,72.0,3.0,60.0,2.5,19.8,6.5,13,Long
209,24.0,1.0,6.0,0.25,43.6,29.8,8,Short
210,72.0,3.0,6.0,0.25,24.2,8.8,13,Long
211,126.0,5.25,84.0,3.5,7.8,2.5,22,Extreme
212,48.0,2.0,48.0,2.0,15.4,5.8,9,Moderate
213,18.0,0.75,6.0,0.25,29.3,14.0,4,Short
214,114.0,4.75,90.0,3.75,16.0,8.6,20,Extreme
215,84.0,3.5,60.0,2.5,15.2,11.6,15,Long
216,18.0,0.75,12.0,0.5,28.6,27.2,4,Short
217,18.0,0.75,12.0,0.5,24.6,18.6,4,Short
218,48.0,2.0,30.0,1.25,9.7,7.4,8,Moderate
219,78.0,3.25,54.0,2.25,10.8,4.1,14,Long
220,90.0,3.75,54.0,2.25,13.4,6.5,16,Extreme
221,48.0,2.0,42.0,1.75,16.5,13.7,8,Moderate
222,48.0,2.0,42.0,1.75,12.4,9.1,9,Moderate
223,30.0,1.25,30.0,1.25,21.0,13.6,6,Short
224,72.0,3.0,36.0,1.5,10.5,2.5,13,Long
225,24.0,1.0,6.0,0.25,25.6,22.8,4,Short
226,78.0,3.25,66.0,2.75,13.9,7.9,14,Long
227,72.0,3.0,42.0,1.75,8.6,5.6,13,Long
228,84.0,3.5,42.0,1.75,22.1,13.1,15,Long
229,72.0,3.0,36.0,1.5,26.2,19.7,13,Long
230,66.0,2.75,54.0,2.25,17.8,12.8,12,Long
231,66.0,2.75,42.0,1.75,18.5,15.9,12,Long
232,54.0,2.25,24.0,1.0,20.1,15.9,10,Moderate
233,30.0,1.25,30.0,1.25,8.2,2.5,6,Short
234,66.0,2.75,42.0,1.75,23.9,11.7,12,Long
235,60.0,2.5,36.0,1.5,24.9,17.1,11,Long
236,24.0,1.0,18.0,0.75,36.8,35.1,4,Short
237,6.0,0.25,6.0,0.25,32.1,26.9,4,Short
238,48.0,2.0,24.0,1.0,27.4,25.3,8,Moderate
239,24.0,1.0,6.0,0.25,30.4,27.1,4,Short
240,6.0,0.25,0.0,0.0,17.3,17.3,2,Short
241,54.0,2.25,42.0,1.75,13.9,10.6,10,Moderate
242,54.0,2.25,42.0,1.75,20.7,10.7,10,Moderate
243,42.0,1.75,30.0,1.25,15.0,5.0,8,Moderate
244,114.0,4.75,36.0,1.5,28.6,19.9,20,Extreme
245,66.0,2.75,48.0,2.0,22.7,19.4,12,Long
246,30.0,1.25,6.0,0.25,12.7,8.2,6,Short
247,60.0,2.5,42.0,1.75,16.9,6.6,11,Long
248,18.0,0.75,18.0,0.75,25.7,22.0,4,Short
249,54.0,2.25,12.0,0.5,17.4,11.3,10,Moderate
250,66.0,2.75,30.0,1.25,23.1,10.2,13,Long
251,54.0,2.25,36.0,1.5,19.3,12.6,10,Moderate
252,90.0,3.75,36.0,1.5,10.1,0.0,16,Extreme
253,216.0,9.0,72.0,3.0,10.5,1.9,37,Extreme
254,24.0,1.0,18.0,0.75,11.8,9.4,4,Short
255,24.0,1.0,6.0,0.25,28.1,19.2,4,Short
256,96.0,4.0,30.0,1.25,27.3,14.0,17,Extreme
257,18.0,0.75,12.0,0.5,22.2,19.0,5,Short
258,84.0,3.5,72.0,3.0,14.7,3.7,15,Long
259,96.0,4.0,72.0,3.0,14.3,1.9,17,Extreme
260,126.0,5.25,36.0,1.5,13.3,5.3,22,Extreme
261,96.0,4.0,72.0,3.0,11.7,4.0,16,Extreme
262,102.0,4.25,66.0,2.75,9.3,7.1,20,Extreme
263,60.0,2.5,36.0,1.5,23.7,16.9,11,Long
264,72.0,3.0,18.0,0.75,45.7,18.2,12,Long
265,18.0,0.75,6.0,0.25,16.8,16.2,4,Short
266,120.0,5.0,72.0,3.0,15.4,6.1,21,Extreme
267,48.0,2.0,36.0,1.5,21.6,17.5,9,Moderate
268,144.0,6.0,42.0,1.75,18.0,6.6,24,Extreme
269,18.0,0.75,0.0,0.0,34.7,31.1,4,Short
270,96.0,4.0,12.0,0.5,23.0,13.9,17,Extreme
271,216.0,9.0,66.0,2.75,9.4,0.0,37,Extreme
272,24.0,1.0,24.0,1.0,23.1,18.8,4,Short
273,36.0,1.5,12.0,0.5,51.4,30.9,8,Moderate
274,72.0,3.0,30.0,1.25,27.7,10.5,13,Long
275,42.0,1.75,42.0,1.75,8.4,4.1,8,Moderate
276,120.0,5.0,66.0,2.75,19.8,9.0,21,Extreme
277,60.0,2.5,30.0,1.25,9.4,4.1,11,Long
278,144.0,6.0,126.0,5.25,8.8,4.0,25,Extreme
279,96.0,4.0,42.0,1.75,16.3,7.9,17,Extreme
280,54.0,2.25,48.0,2.0,21.1,16.1,10,Moderate
281,60.0,2.5,48.0,2.0,8.2,3.6,11,Long
282,48.0,2.0,24.0,1.0,11.1,9.0,8,Moderate
283,36.0,1.5,24.0,1.0,19.1,9.4,7,Moderate
284,60.0,2.5,48.0,2.0,17.6,11.6,11,Long
285,72.0,3.0,36.0,1.5,15.7,6.3,13,Long
286,36.0,1.5,36.0,1.5,9.7,6.6,7,Moderate
287,60.0,2.5,60.0,2.5,9.6,2.6,11,Long
288,84.0,3.5,48.0,2.0,18.2,12.8,15,Long
289,36.0,1.5,18.0,0.75,21.5,18.6,8,Moderate
290,6.0,0.25,6.0,0.25,34.8,27.2,4,Short
291,60.0,2.5,18.0,0.75,24.5,13.3,11,Long
292,66.0,2.75,48.0,2.0,18.6,14.0,12,Long
293,102.0,4.25,36.0,1.5,16.6,8.2,18,Extreme
294,96.0,4.0,78.0,3.25,15.0,8.0,17,Extreme
295,60.0,2.5,48.0,2.0,14.0,4.9,13,Long
296,24.0,1.0,24.0,1.0,4.7,3.2,5,Short
297,78.0,3.25,66.0,2.75,10.3,3.8,13,Long
298,48.0,2.0,30.0,1.25,19.1,7.6,8,Moderate
299,102.0,4.25,54.0,2.25,27.9,14.5,18,Extreme
300,60.0,2.5,36.0,1.5,21.2,11.9,12,Long
301,24.0,1.0,6.0,0.25,18.8,15.4,4,Short
302,102.0,4.25,42.0,1.75,13.0,5.5,18,Extreme
303,78.0,3.25,54.0,2.25,9.2,1.7,14,Long
304,36.0,1.5,36.0,1.5,24.7,15.8,7,Moderate
305,78.0,3.25,60.0,2.5,12.8,7.6,14,Long
306,54.0,2.25,42.0,1.75,20.5,16.2,10,Moderate
307,54.0,2.25,42.0,1.75,9.9,3.9,10,Moderate
308,42.0,1.75,24.0,1.0,24.4,16.3,8,Moderate
309,60.0,2.5,54.0,2.25,9.5,5.1,11,Long
310,72.0,3.0,36.0,1.5,15.3,11.7,13,Long
311,48.0,2.0,30.0,1.25,13.5,9.6,8,Moderate
312,114.0,4.75,96.0,4.0,11.9,5.1,20,Extreme
313,12.0,0.5,0.0,0.0,31.6,24.4,4,Short
314,138.0,5.75,84.0,3.5,17.6,2.4,25,Extreme
315,48.0,2.0,24.0,1.0,18.9,8.8,10,Moderate
316,30.0,1.25,24.0,1.0,14.8,10.6,6,Short
317,150.0,6.25,84.0,3.5,12.8,1.9,26,Extreme
318,150.0,6.25,114.0,4.75,13.9,3.7,26,Extreme
319,30.0,1.25,30.0,1.25,14.5,9.2,6,Short
320,36.0,1.5,12.0,0.5,19.3,16.8,6,Moderate
321,18.0,0.75,18.0,0.75,17.7,11.5,4,Short
322,78.0,3.25,30.0,1.25,23.6,12.7,14,Long
323,114.0,4.75,78.0,3.25,12.2,5.1,20,Extreme
324,66.0,2.75,42.0,1.75,15.2,9.1,12,Long
325,42.0,1.75,36.0,1.5,26.1,22.9,8,Moderate
326,60.0,2.5,48.0,2.0,17.4,8.8,11,Long
327,108.0,4.5,24.0,1.0,30.2,9.3,20,Extreme
328,42.0,1.75,42.0,1.75,17.5,12.6,8,Moderate
329,42.0,1.75,36.0,1.5,17.7,12.9,8,Moderate
330,12.0,0.5,6.0,0.25,31.9,31.3,3,Short
331,24.0,1.0,6.0,0.25,34.7,25.3,4,Short
332,54.0,2.25,48.0,2.0,13.2,9.1,10,Moderate
333,96.0,4.0,54.0,2.25,10.2,7.2,16,Extreme
334,144.0,6.0,102.0,4.25,12.0,3.7,25,Extreme
335,0.0,0.0,0.0,0.0,39.4,37.1,3,Short
336,6.0,0.25,0.0,0.0,33.4,29.8,5,Short
337,108.0,4.5,102.0,4.25,10.7,5.2,19,Extreme
338,72.0,3.0,42.0,1.75,21.5,11.3,13,Long
339,36.0,1.5,36.0,1.5,17.5,10.4,7,Moderate
340,72.0,3.0,42.0,1.75,24.1,14.8,12,Long
341,48.0,2.0,30.0,1.25,20.8,16.3,9,Moderate
342,6.0,0.25,6.0,0.25,25.7,25.7,1,Short
343,342.0,14.25,282.0,11.75,8.0,1.7,58,Extreme
344,24.0,1.0,18.0,0.75,15.6,14.3,4,Short
345,18.0,0.75,6.0,0.25,30.9,25.3,4,Short
346,72.0,3.0,30.0,1.25,25.0,14.9,12,Long
347,54.0,2.25,18.0,0.75,20.6,9.1,10,Moderate
348,0.0,0.0,0.0,0.0,,,1,Short
349,84.0,3.5,42.0,1.75,27.7,12.0,15,Long
350,78.0,3.25,48.0,2.0,17.5,3.7,14,Long
351,102.0,4.25,42.0,1.75,18.9,7.7,18,Extreme
352,90.0,3.75,24.0,1.0,23.0,9.4,16,Extreme
353,18.0,0.75,12.0,0.5,30.6,24.6,4,Short
354,18.0,0.75,18.0,0.75,8.9,7.0,4,Short
355,6.0,0.25,6.0,0.25,36.4,36.4,2,Short
356,48.0,2.0,42.0,1.75,25.4,12.5,8,Moderate
357,18.0,0.75,12.0,0.5,19.9,9.3,5,Short
358,42.0,1.75,36.0,1.5,18.6,12.8,8,Moderate
359,48.0,2.0,30.0,1.25,7.8,2.5,8,Moderate
360,24.0,1.0,18.0,0.75,15.6,5.2,4,Short
361,24.0,1.0,12.0,0.5,18.9,16.8,4,Short
362,48.0,2.0,18.0,0.75,12.6,10.7,9,Moderate
363,30.0,1.25,18.0,0.75,27.5,14.7,6,Short
364,48.0,2.0,24.0,1.0,30.9,19.1,8,Moderate
365,48.0,2.0,24.0,1.0,15.7,8.1,8,Moderate
366,18.0,0.75,0.0,0.0,22.5,12.3,4,Short
367,72.0,3.0,42.0,1.75,24.3,12.7,13,Long
368,12.0,0.5,6.0,0.25,25.1,15.5,4,Short
369,0.0,0.0,0.0,0.0,,,1,Short
370,84.0,3.5,48.0,2.0,24.1,14.4,16,Long
371,192.0,8.0,156.0,6.5,11.3,4.1,33,Extreme
372,114.0,4.75,72.0,3.0,9.4,0.0,20,Extreme
373,12.0,0.5,0.0,0.0,31.7,28.2,3,Short
374,96.0,4.0,72.0,3.0,15.0,9.9,16,Extreme
375,0.0,0.0,0.0,0.0,,,1,Short
376,42.0,1.75,18.0,0.75,25.0,15.1,8,Moderate
377,120.0,5.0,90.0,3.75,14.1,2.5,20,Extreme
378,18.0,0.75,6.0,0.25,17.8,15.9,4,Short
379,60.0,2.5,36.0,1.5,26.9,14.4,11,Long
380,30.0,1.25,12.0,0.5,14.9,13.4,6,Short
381,126.0,5.25,114.0,4.75,8.9,3.5,22,Extreme
382,120.0,5.0,54.0,2.25,16.6,9.3,20,Extreme
383,72.0,3.0,48.0,2.0,20.9,14.3,12,Long
384,84.0,3.5,54.0,2.25,16.8,12.8,15,Long
385,120.0,5.0,72.0,3.0,11.6,5.1,21,Extreme
386,24.0,1.0,18.0,0.75,33.0,21.1,4,Short
387,48.0,2.0,36.0,1.5,11.1,7.6,9,Moderate
388,18.0,0.75,6.0,0.25,13.0,9.4,3,Short
389,18.0,0.75,6.0,0.25,14.0,9.4,4,Short
390,84.0,3.5,30.0,1.25,21.3,9.9,14,Long
391,150.0,6.25,132.0,5.5,6.0,0.0,26,Extreme
392,72.0,3.0,24.0,1.0,21.9,16.5,13,Long
393,30.0,1.25,18.0,0.75,20.5,18.5,6,Short
394,60.0,2.5,36.0,1.5,22.0,14.3,11,Long
395,60.0,2.5,24.0,1.0,33.8,25.4,11,Long
396,168.0,7.0,108.0,4.5,13.4,0.0,29,Extreme
397,18.0,0.75,0.0,0.0,17.6,12.7,4,Short
398,120.0,5.0,18.0,0.75,27.8,9.9,20,Extreme
399,78.0,3.25,54.0,2.25,18.1,7.3,16,Long
400,132.0,5.5,132.0,5.5,7.6,4.1,23,Extreme
401,102.0,4.25,84.0,3.5,10.1,0.0,18,Extreme
402,66.0,2.75,36.0,1.5,18.7,11.7,12,Long
403,24.0,1.0,6.0,0.25,18.9,17.3,4,Short
404,96.0,4.0,66.0,2.75,16.7,9.1,17,Extreme
405,18.0,0.75,0.0,0.0,17.4,16.7,4,Short
406,96.0,4.0,48.0,2.0,25.8,9.4,16,Extreme
407,24.0,1.0,6.0,0.25,23.2,17.9,4,Short
408,48.0,2.0,30.0,1.25,27.0,11.6,9,Moderate
409,60.0,2.5,36.0,1.5,32.1,24.2,11,Long
410,42.0,1.75,24.0,1.0,19.9,13.1,8,Moderate
411,72.0,3.0,48.0,2.0,19.9,11.5,13,Long
412,66.0,2.75,48.0,2.0,18.1,7.4,12,Long
413,78.0,3.25,42.0,1.75,19.6,11.2,14,Long
414,30.0,1.25,24.0,1.0,23.2,21.9,6,Short
415,72.0,3.0,42.0,1.75,10.9,5.8,12,Long
416,84.0,3.5,66.0,2.75,15.9,0.0,15,Long
417,12.0,0.5,6.0,0.25,55.2,0.0,6,Short
418,36.0,1.5,30.0,1.25,22.6,17.6,7,Moderate
419,12.0,0.5,6.0,0.25,31.5,22.0,4,Short
420,192.0,8.0,36.0,1.5,16.9,4.0,32,Extreme
421,54.0,2.25,42.0,1.75,24.1,14.0,10,Moderate
422,84.0,3.5,48.0,2.0,19.8,10.5,15,Long
423,72.0,3.0,42.0,1.75,21.4,11.4,13,Long
424,144.0,6.0,108.0,4.5,19.1,5.5,25,Extreme
425,168.0,7.0,96.0,4.0,12.7,0.0,29,Extreme
426,30.0,1.25,12.0,0.5,23.9,20.6,8,Short
427,24.0,1.0,6.0,0.25,11.7,7.7,4,Short
428,48.0,2.0,18.0,0.75,11.5,8.9,8,Moderate
429,60.0,2.5,36.0,1.5,20.6,11.9,11,Long
430,12.0,0.5,12.0,0.5,32.6,32.5,3,Short
431,108.0,4.5,78.0,3.25,11.3,6.5,19,Extreme
432,102.0,4.25,60.0,2.5,19.7,5.8,20,Extreme
433,36.0,1.5,30.0,1.25,18.5,13.0,7,Moderate
434,24.0,1.0,12.0,0.5,24.1,20.5,5,Short
435,84.0,3.5,78.0,3.25,13.3,0.0,15,Long
436,30.0,1.25,30.0,1.25,16.5,5.1,6,Short
437,24.0,1.0,6.0,0.25,24.8,17.1,4,Short
438,6.0,0.25,6.0,0.25,0.0,0.0,2,Short
439,156.0,6.5,120.0,5.0,13.1,6.5,27,Extreme
440,18.0,0.75,6.0,0.25,39.4,32.9,3,Short
441,48.0,2.0,30.0,1.25,25.6,18.2,9,Moderate
442,36.0,1.5,12.0,0.5,19.9,14.9,7,Moderate
443,90.0,3.75,60.0,2.5,14.5,2.4,16,Extreme
444,192.0,8.0,72.0,3.0,15.9,3.7,32,Extreme
445,60.0,2.5,30.0,1.25,19.4,0.0,11,Long
446,60.0,2.5,42.0,1.75,33.2,0.0,12,Long
447,24.0,1.0,6.0,0.25,19.4,14.2,4,Short
448,12.0,0.5,0.0,0.0,30.7,24.5,3,Short
449,48.0,2.0,30.0,1.25,22.1,18.2,9,Moderate
450,96.0,4.0,60.0,2.5,10.2,5.8,17,Extreme
451,72.0,3.0,60.0,2.5,19.0,0.0,12,Long
452,30.0,1.25,24.0,1.0,23.6,16.7,6,Short
453,48.0,2.0,42.0,1.75,14.8,10.2,9,Moderate
454,66.0,2.75,36.0,1.5,28.0,19.2,12,Long
455,48.0,2.0,18.0,0.75,27.8,25.5,9,Moderate
456,48.0,2.0,12.0,0.5,13.8,5.6,8,Moderate
457,60.0,2.5,36.0,1.5,15.7,12.7,11,Long
458,48.0,2.0,36.0,1.5,20.7,13.9,8,Moderate
459,84.0,3.5,54.0,2.25,17.4,12.4,15,Long
460,42.0,1.75,30.0,1.25,23.0,15.3,8,Moderate
461,36.0,1.5,18.0,0.75,14.0,10.5,7,Moderate
462,48.0,2.0,24.0,1.0,16.5,6.3,9,Moderate
463,84.0,3.5,72.0,3.0,13.2,5.8,15,Long
464,0.0,0.0,0.0,0.0,,,1,Short
465,48.0,2.0,30.0,1.25,20.1,6.6,8,Moderate
466,84.0,3.5,36.0,1.5,24.5,12.6,15,Long
467,6.0,0.25,0.0,0.0,29.8,29.8,2,Short
468,54.0,2.25,30.0,1.25,27.9,17.9,11,Moderate
469,60.0,2.5,30.0,1.25,16.0,12.0,11,Long
470,90.0,3.75,78.0,3.25,15.1,4.8,17,Extreme
471,114.0,4.75,18.0,0.75,38.5,17.5,20,Extreme
472,48.0,2.0,36.0,1.5,19.0,13.1,9,Moderate
473,12.0,0.5,6.0,0.25,13.1,10.6,3,Short
474,162.0,6.75,96.0,4.0,11.5,0.0,28,Extreme
475,48.0,2.0,24.0,1.0,17.6,13.1,8,Moderate
476,72.0,3.0,42.0,1.75,21.9,9.7,13,Long
477,66.0,2.75,30.0,1.25,17.2,14.3,12,Long
478,60.0,2.5,36.0,1.5,22.5,16.6,11,Long
479,84.0,3.5,42.0,1.75,15.5,0.0,15,Long
480,24.0,1.0,6.0,0.25,20.2,16.6,4,Short
481,12.0,0.5,12.0,0.5,33.2,23.2,3,Short
482,138.0,5.75,138.0,5.75,9.9,4.0,24,Extreme
483,48.0,2.0,18.0,0.75,17.8,7.1,8,Moderate
484,144.0,6.0,84.0,3.5,17.4,5.8,25,Extreme
485,96.0,4.0,84.0,3.5,13.2,8.2,17,Extreme
486,42.0,1.75,12.0,0.5,19.3,9.0,8,Moderate
487,132.0,5.5,24.0,1.0,27.3,10.0,23,Extreme
488,174.0,7.25,156.0,6.5,9.5,0.0,30,Extreme
489,24.0,1.0,12.0,0.5,12.5,8.3,4,Short
490,12.0,0.5,0.0,0.0,32.1,22.3,4,Short
491,90.0,3.75,18.0,0.75,32.3,11.2,16,Extreme
492,144.0,6.0,12.0,0.5,23.0,8.1,25,Extreme
493,294.0,12.25,252.0,10.5,10.1,0.0,50,Extreme
494,90.0,3.75,60.0,2.5,15.9,6.7,16,Extreme
495,54.0,2.25,18.0,0.75,17.3,12.2,9,Moderate
496,36.0,1.5,24.0,1.0,24.5,9.8,8,Moderate
497,84.0,3.5,18.0,0.75,35.2,0.0,15,Long
498,108.0,4.5,66.0,2.75,16.9,7.7,19,Extreme
499,18.0,0.75,6.0,0.25,20.7,13.9,4,Short
500,108.0,4.5,66.0,2.75,14.5,7.6,19,Extreme
501,120.0,5.0,84.0,3.5,10.8,5.3,20,Extreme
502,54.0,2.25,18.0,0.75,33.0,22.1,12,Moderate
503,24.0,1.0,18.0,0.75,26.7,0.0,8,Short
504,66.0,2.75,30.0,1.25,22.8,14.6,12,Long
505,48.0,2.0,36.0,1.5,27.8,18.4,9,Moderate
506,210.0,8.75,132.0,5.5,10.3,2.5,35,Extreme
507,48.0,2.0,36.0,1.5,9.8,3.4,8,Moderate
508,48.0,2.0,18.0,0.75,40.3,20.4,8,Moderate
509,54.0,2.25,42.0,1.75,17.2,11.7,10,Moderate
510,90.0,3.75,60.0,2.5,20.1,12.4,16,Extreme
511,114.0,4.75,90.0,3.75,11.3,5.0,20,Extreme
512,24.0,1.0,6.0,0.25,21.1,16.2,5,Short
513,42.0,1.75,30.0,1.25,17.1,11.2,8,Moderate
514,36.0,1.5,30.0,1.25,20.5,13.9,7,Moderate
515,96.0,4.0,42.0,1.75,18.2,10.6,16,Extreme
516,24.0,1.0,24.0,1.0,20.6,13.2,4,Short
517,48.0,2.0,12.0,0.5,15.2,5.1,8,Moderate
518,72.0,3.0,24.0,1.0,4.8,0.0,12,Long
519,60.0,2.5,36.0,1.5,27.4,21.3,11,Long
520,126.0,5.25,30.0,1.25,25.1,12.2,22,Extreme
521,42.0,1.75,30.0,1.25,35.6,11.6,8,Moderate
522,60.0,2.5,42.0,1.75,15.5,9.1,11,Long
523,24.0,1.0,6.0,0.25,6.5,5.3,4,Short
524,84.0,3.5,60.0,2.5,10.5,5.5,15,Long
525,36.0,1.5,24.0,1.0,21.4,18.3,7,Moderate
526,24.0,1.0,6.0,0.25,11.5,9.2,5,Short
527,48.0,2.0,18.0,0.75,18.7,12.3,8,Moderate
528,72.0,3.0,36.0,1.5,16.5,9.0,13,Long
529,42.0,1.75,24.0,1.0,9.7,5.8,8,Moderate
530,36.0,1.5,24.0,1.0,37.9,20.4,8,Moderate
531,24.0,1.0,18.0,0.75,32.6,22.5,5,Short
532,48.0,2.0,18.0,0.75,22.4,14.7,9,Moderate
533,96.0,4.0,42.0,1.75,24.5,18.3,17,Extreme
534,78.0,3.25,48.0,2.0,24.4,10.8,14,Long
535,72.0,3.0,36.0,1.5,17.5,9.1,13,Long
536,18.0,0.75,12.0,0.5,48.4,36.1,4,Short
537,12.0,0.5,6.0,0.25,52.9,47.7,4,Short
538,42.0,1.75,30.0,1.25,15.1,7.4,8,Moderate
539,48.0,2.0,24.0,1.0,17.5,12.7,9,Moderate
540,78.0,3.25,30.0,1.25,9.2,0.0,14,Long
541,54.0,2.25,30.0,1.25,19.4,14.7,10,Moderate
542,72.0,3.0,30.0,1.25,21.4,6.6,12,Long
543,30.0,1.25,12.0,0.5,22.4,18.8,6,Short
544,12.0,0.5,12.0,0.5,24.9,22.5,3,Short
545,24.0,1.0,18.0,0.75,7.3,0.0,4,Short
546,6.0,0.25,6.0,0.25,11.7,11.7,2,Short
547,48.0,2.0,24.0,1.0,24.7,21.6,9,Moderate
548,78.0,3.25,60.0,2.5,13.5,1.7,14,Long
549,60.0,2.5,42.0,1.75,23.7,14.2,11,Long
550,54.0,2.25,18.0,0.75,15.0,11.2,10,Moderate
551,54.0,2.25,24.0,1.0,17.6,0.0,10,Moderate
552,102.0,4.25,78.0,3.25,10.7,0.0,18,Extreme
553,6.0,0.25,0.0,0.0,14.3,14.3,2,Short
554,30.0,1.25,12.0,0.5,19.5,12.9,6,Short
555,54.0,2.25,24.0,1.0,28.9,20.7,10,Moderate
556,54.0,2.25,48.0,2.0,12.8,6.6,10,Moderate
557,60.0,2.5,42.0,1.75,8.3,4.0,11,Long
558,60.0,2.5,42.0,1.75,15.9,8.8,11,Long
559,72.0,3.0,60.0,2.5,13.1,9.1,13,Long
560,90.0,3.75,54.0,2.25,15.2,7.6,16,Extreme
561,18.0,0.75,6.0,0.25,23.6,19.3,4,Short
562,48.0,2.0,30.0,1.25,16.1,9.1,9,Moderate
563,36.0,1.5,30.0,1.25,23.0,19.0,7,Moderate
564,54.0,2.25,36.0,1.5,22.0,19.2,10,Moderate
565,120.0,5.0,90.0,3.75,9.9,0.0,21,Extreme
566,60.0,2.5,36.0,1.5,17.8,14.8,11,Long
567,6.0,0.25,0.0,0.0,27.7,27.7,2,Short
568,36.0,1.5,18.0,0.75,14.8,0.0,7,Moderate
569,96.0,4.0,66.0,2.75,15.6,0.0,17,Extreme
570,6.0,0.25,0.0,0.0,20.5,19.0,4,Short
571,78.0,3.25,36.0,1.5,20.0,9.4,14,Long
572,102.0,4.25,78.0,3.25,10.3,0.0,18,Extreme
573,12.0,0.5,6.0,0.25,14.1,12.4,3,Short
574,72.0,3.0,48.0,2.0,14.9,0.0,12,Long
575,24.0,1.0,12.0,0.5,17.4,16.3,5,Short
576,66.0,2.75,54.0,2.25,13.1,6.2,12,Long
577,66.0,2.75,36.0,1.5,40.2,17.5,12,Long
578,48.0,2.0,18.0,0.75,22.0,13.4,8,Moderate
579,108.0,4.5,60.0,2.5,16.1,5.5,19,Extreme
580,66.0,2.75,60.0,2.5,16.9,12.5,12,Long
581,48.0,2.0,42.0,1.75,24.6,18.1,9,Moderate
582,30.0,1.25,30.0,1.25,23.6,16.2,6,Short
583,72.0,3.0,24.0,1.0,28.9,18.9,12,Long
584,12.0,0.5,6.0,0.25,32.4,26.9,4,Short
585,120.0,5.0,114.0,4.75,8.5,0.0,21,Extreme
586,96.0,4.0,42.0,1.75,20.1,5.8,17,Extreme
587,18.0,0.75,12.0,0.5,9.0,0.0,4,Short
588,72.0,3.0,36.0,1.5,30.3,22.5,13,Long
589,54.0,2.25,42.0,1.75,14.8,9.4,10,Moderate
590,60.0,2.5,24.0,1.0,27.2,20.2,12,Long
591,36.0,1.5,24.0,1.0,16.2,0.0,10,Moderate
592,78.0,3.25,30.0,1.25,22.2,14.4,14,Long
593,90.0,3.75,36.0,1.5,11.8,0.0,16,Extreme
594,18.0,0.75,6.0,0.25,18.6,12.8,5,Short
595,126.0,5.25,96.0,4.0,13.4,6.5,22,Extreme
596,6.0,0.25,6.0,0.25,56.5,52.3,4,Short
597,72.0,3.0,42.0,1.75,22.6,15.9,12,Long
598,6.0,0.25,6.0,0.25,15.9,15.9,2,Short
599,90.0,3.75,48.0,2.0,24.8,13.8,16,Extreme
600,60.0,2.5,36.0,1.5,14.8,0.0,11,Long
601,18.0,0.75,6.0,0.25,22.2,19.5,4,Short
602,66.0,2.75,66.0,2.75,14.8,0.0,12,Long
603,36.0,1.5,36.0,1.5,16.2,6.3,7,Moderate
604,102.0,4.25,66.0,2.75,12.5,5.8,18,Extreme
605,24.0,1.0,12.0,0.5,11.8,10.5,4,Short
606,12.0,0.5,6.0,0.25,29.3,25.3,4,Short
607,24.0,1.0,6.0,0.25,16.4,11.4,4,Short
608,78.0,3.25,42.0,1.75,13.1,0.0,14,Long
609,18.0,0.75,12.0,0.5,25.7,16.2,4,Short
610,30.0,1.25,0.0,0.0,15.7,9.4,6,Short
611,72.0,3.0,48.0,2.0,18.1,14.9,13,Long
612,54.0,2.25,24.0,1.0,30.4,22.2,10,Moderate
613,60.0,2.5,48.0,2.0,26.8,14.9,11,Long
614,72.0,3.0,72.0,3.0,9.6,0.0,13,Long
615,12.0,0.5,6.0,0.25,40.9,40.0,3,Short
616,90.0,3.75,54.0,2.25,16.9,12.7,16,Extreme
617,54.0,2.25,42.0,1.75,12.5,8.8,10,Moderate
618,30.0,1.25,18.0,0.75,20.1,15.2,8,Short
619,96.0,4.0,48.0,2.0,11.0,0.0,17,Extreme
620,48.0,2.0,30.0,1.25,8.4,0.0,8,Moderate
621,96.0,4.0,48.0,2.0,12.9,7.1,16,Extreme
622,66.0,2.75,54.0,2.25,17.0,9.0,12,Long
623,24.0,1.0,6.0,0.25,26.3,18.6,4,Short
624,0.0,0.0,0.0,0.0,,,1,Short
625,132.0,5.5,84.0,3.5,11.9,5.7,23,Extreme
626,48.0,2.0,24.0,1.0,24.9,19.9,9,Moderate
627,54.0,2.25,48.0,2.0,14.9,5.1,10,Moderate
628,66.0,2.75,42.0,1.75,21.5,14.2,12,Long
629,6.0,0.25,6.0,0.25,21.6,14.0,3,Short
630,102.0,4.25,84.0,3.5,9.6,0.0,18,Extreme
631,66.0,2.75,36.0,1.5,12.7,4.1,12,Long
632,42.0,1.75,30.0,1.25,33.0,23.6,8,Moderate
633,114.0,4.75,72.0,3.0,16.3,8.8,20,Extreme
634,48.0,2.0,30.0,1.25,22.4,6.5,9,Moderate
635,96.0,4.0,42.0,1.75,31.4,10.6,16,Extreme
636,18.0,0.75,12.0,0.5,17.5,14.4,4,Short
637,60.0,2.5,30.0,1.25,26.4,20.3,11,Long
638,60.0,2.5,54.0,2.25,18.9,7.2,11,Long
639,18.0,0.75,12.0,0.5,9.6,0.0,4,Short
640,24.0,1.0,12.0,0.5,26.5,11.6,6,Short
641,12.0,0.5,12.0,0.5,32.0,26.0,8,Short
642,0.0,0.0,0.0,0.0,,,1,Short
643,102.0,4.25,54.0,2.25,17.8,8.9,18,Extreme
644,60.0,2.5,54.0,2.25,18.0,10.8,11,Long
645,6.0,0.25,6.0,0.25,6.9,6.9,2,Short
646,66.0,2.75,60.0,2.5,12.3,6.3,12,Long
647,54.0,2.25,30.0,1.25,27.1,17.5,10,Moderate
648,144.0,6.0,66.0,2.75,7.8,3.7,25,Extreme
649,42.0,1.75,36.0,1.5,15.6,11.8,8,Moderate
650,48.0,2.0,36.0,1.5,16.0,13.2,9,Moderate
651,150.0,6.25,78.0,3.25,10.2,0.0,26,Extreme
652,54.0,2.25,30.0,1.25,35.5,15.2,10,Moderate
653,36.0,1.5,18.0,0.75,31.8,12.8,7,Moderate
654,84.0,3.5,60.0,2.5,16.9,6.5,15,Long
655,84.0,3.5,18.0,0.75,35.6,10.5,15,Long
656,12.0,0.5,0.0,0.0,31.3,29.9,3,Short
657,96.0,4.0,90.0,3.75,7.0,0.0,17,Extreme
658,120.0,5.0,120.0,5.0,9.7,0.0,21,Extreme
659,24.0,1.0,12.0,0.5,35.6,28.8,4,Short
660,24.0,1.0,12.0,0.5,38.3,33.1,4,Short
661,60.0,2.5,42.0,1.75,21.5,9.9,11,Long
662,96.0,4.0,48.0,2.0,17.0,6.4,16,Extreme
663,24.0,1.0,6.0,0.25,6.5,4.6,4,Short
664,24.0,1.0,12.0,0.5,20.6,12.1,5,Short
665,84.0,3.5,18.0,0.75,30.9,10.9,17,Long
666,120.0,5.0,66.0,2.75,21.9,11.6,21,Extreme
667,78.0,3.25,60.0,2.5,18.9,10.4,14,Long
668,60.0,2.5,42.0,1.75,24.4,9.8,11,Long
669,120.0,5.0,42.0,1.75,13.6,0.0,21,Extreme
670,72.0,3.0,48.0,2.0,21.1,14.3,13,Long
671,66.0,2.75,42.0,1.75,25.9,15.2,12,Long
672,18.0,0.75,12.0,0.5,58.2,35.6,4,Short
673,6.0,0.25,6.0,0.25,38.4,31.5,4,Short
674,42.0,1.75,24.0,1.0,8.5,0.0,8,Moderate
675,24.0,1.0,18.0,0.75,2.3,0.0,4,Short
676,60.0,2.5,12.0,0.5,31.4,4.1,11,Long
677,24.0,1.0,12.0,0.5,26.1,17.9,4,Short
678,30.0,1.25,12.0,0.5,40.4,31.0,8,Short
679,96.0,4.0,36.0,1.5,16.5,0.0,17,Extreme
680,72.0,3.0,42.0,1.75,17.4,9.0,13,Long
681,78.0,3.25,48.0,2.0,11.9,5.8,14,Long
682,108.0,4.5,48.0,2.0,28.8,9.9,20,Extreme
683,96.0,4.0,78.0,3.25,12.7,6.5,17,Extreme
684,48.0,2.0,18.0,0.75,28.1,20.4,9,Moderate
685,42.0,1.75,30.0,1.25,25.0,16.5,8,Moderate
686,120.0,5.0,30.0,1.25,18.4,5.2,20,Extreme
687,48.0,2.0,30.0,1.25,18.4,12.2,9,Moderate
688,126.0,5.25,42.0,1.75,15.3,5.8,22,Extreme
689,18.0,0.75,6.0,0.25,22.9,21.8,4,Short
690,48.0,2.0,36.0,1.5,14.1,0.0,9,Moderate
691,84.0,3.5,66.0,2.75,14.4,8.0,15,Long
692,54.0,2.25,30.0,1.25,25.2,13.1,10,Moderate
693,90.0,3.75,60.0,2.5,19.3,10.4,16,Extreme
694,78.0,3.25,42.0,1.75,16.2,1.7,14,Long
695,90.0,3.75,90.0,3.75,8.0,0.0,16,Extreme
696,48.0,2.0,42.0,1.75,24.1,18.4,9,Moderate
697,42.0,1.75,24.0,1.0,36.0,27.4,8,Moderate
698,60.0,2.5,42.0,1.75,21.2,0.0,11,Long
699,150.0,6.25,150.0,6.25,8.8,0.0,26,Extreme
700,24.0,1.0,12.0,0.5,12.1,8.2,4,Short
701,48.0,2.0,36.0,1.5,14.8,5.1,8,Moderate
702,12.0,0.5,12.0,0.5,12.8,9.1,3,Short
703,24.0,1.0,6.0,0.25,12.9,7.3,4,Short
704,12.0,0.5,12.0,0.5,21.7,19.3,3,Short
705,6.0,0.25,6.0,0.25,29.1,29.1,2,Short
706,48.0,2.0,30.0,1.25,7.7,4.1,8,Moderate
707,24.0,1.0,12.0,0.5,33.6,24.9,4,Short
708,102.0,4.25,36.0,1.5,19.1,5.1,18,Extreme
709,42.0,1.75,18.0,0.75,21.3,11.2,8,Moderate
710,6.0,0.25,6.0,0.25,67.9,54.3,4,Short
711,72.0,3.0,30.0,1.25,23.3,14.9,13,Long
712,48.0,2.0,24.0,1.0,32.6,14.8,9,Moderate
713,78.0,3.25,42.0,1.75,18.2,12.3,14,Long
714,42.0,1.75,18.0,0.75,6.7,4.1,7,Moderate
715,36.0,1.5,12.0,0.5,29.6,16.6,7,Moderate
716,54.0,2.25,30.0,1.25,23.8,17.7,10,Moderate
717,90.0,3.75,90.0,3.75,5.1,0.0,16,Extreme
718,72.0,3.0,66.0,2.75,10.8,5.0,13,Long
719,24.0,1.0,6.0,0.25,18.8,16.9,5,Short
720,30.0,1.25,24.0,1.0,19.5,8.7,6,Short
721,60.0,2.5,42.0,1.75,20.3,12.4,11,Long
722,48.0,2.0,30.0,1.25,17.8,11.8,9,Moderate
723,84.0,3.5,72.0,3.0,13.0,0.0,15,Long
724,30.0,1.25,24.0,1.0,15.6,0.0,6,Short
725,66.0,2.75,18.0,0.75,26.3,10.5,12,Long
726,66.0,2.75,54.0,2.25,14.1,6.5,12,Long
727,48.0,2.0,18.0,0.75,28.3,13.1,8,Moderate
728,66.0,2.75,42.0,1.75,13.1,5.8,12,Long
729,0.0,0.0,0.0,0.0,,,1,Short
730,138.0,5.75,54.0,2.25,10.8,5.1,24,Extreme
731,66.0,2.75,54.0,2.25,20.9,7.6,12,Long
732,90.0,3.75,24.0,1.0,12.2,0.0,16,Extreme
733,30.0,1.25,18.0,0.75,16.2,10.3,6,Short
734,60.0,2.5,18.0,0.75,35.5,19.2,11,Long
735,54.0,2.25,36.0,1.5,23.7,12.1,9,Moderate
736,6.0,0.25,0.0,0.0,31.6,22.1,3,Short
737,48.0,2.0,24.0,1.0,18.0,0.0,10,Moderate
738,120.0,5.0,72.0,3.0,22.5,7.8,20,Extreme
739,78.0,3.25,54.0,2.25,24.1,12.3,14,Long
740,78.0,3.25,60.0,2.5,11.1,5.1,14,Long
741,102.0,4.25,36.0,1.5,11.2,0.0,18,Extreme
742,18.0,0.75,12.0,0.5,11.4,9.9,3,Short
743,54.0,2.25,54.0,2.25,9.8,1.9,10,Moderate
744,42.0,1.75,36.0,1.5,11.9,5.8,8,Moderate
745,48.0,2.0,36.0,1.5,23.4,14.2,9,Moderate
746,42.0,1.75,18.0,0.75,20.4,11.6,8,Moderate
747,48.0,2.0,24.0,1.0,17.9,9.1,9,Moderate
748,48.0,2.0,18.0,0.75,7.3,2.5,8,Moderate
749,84.0,3.5,24.0,1.0,29.8,5.1,15,Long
750,120.0,5.0,90.0,3.75,19.0,7.9,21,Extreme
751,0.0,0.0,0.0,0.0,47.4,47.4,2,Short
752,60.0,2.5,36.0,1.5,15.0,8.3,11,Long
753,36.0,1.5,24.0,1.0,21.6,10.3,7,Moderate
754,108.0,4.5,60.0,2.5,21.0,0.0,19,Extreme
755,84.0,3.5,18.0,0.75,30.8,11.6,15,Long
756,102.0,4.25,42.0,1.75,12.9,0.0,18,Extreme
757,108.0,4.5,66.0,2.75,14.2,5.3,19,Extreme
758,66.0,2.75,54.0,2.25,18.3,3.3,12,Long
759,6.0,0.25,6.0,0.25,68.0,52.6,3,Short
760,30.0,1.25,0.0,0.0,10.5,7.7,6,Short
761,48.0,2.0,12.0,0.5,9.5,5.8,8,Moderate
762,42.0,1.75,12.0,0.5,40.6,20.5,8,Moderate
763,36.0,1.5,30.0,1.25,10.3,5.1,7,Moderate
764,24.0,1.0,12.0,0.5,29.2,24.1,4,Short
765,66.0,2.75,24.0,1.0,38.6,22.5,12,Long
766,84.0,3.5,54.0,2.25,16.2,10.4,15,Long
767,66.0,2.75,48.0,2.0,20.2,15.2,12,Long
768,30.0,1.25,18.0,0.75,15.1,12.7,6,Short
769,60.0,2.5,42.0,1.75,17.8,12.7,11,Long
770,102.0,4.25,24.0,1.0,21.6,10.0,18,Extreme
771,120.0,5.0,72.0,3.0,21.4,8.8,21,Extreme
772,48.0,2.0,36.0,1.5,23.6,10.8,9,Moderate
773,378.0,15.75,372.0,15.5,7.9,0.0,64,Extreme
774,36.0,1.5,6.0,0.25,15.0,10.7,6,Moderate
775,72.0,3.0,36.0,1.5,6.9,0.0,12,Long
776,192.0,8.0,42.0,1.75,9.4,0.0,33,Extreme
777,126.0,5.25,78.0,3.25,11.8,0.0,22,Extreme
778,24.0,1.0,12.0,0.5,19.5,14.9,4,Short
779,42.0,1.75,36.0,1.5,13.7,6.6,8,Moderate
780,72.0,3.0,36.0,1.5,13.6,7.0,12,Long
781,72.0,3.0,30.0,1.25,22.7,11.2,12,Long
782,12.0,0.5,0.0,0.0,28.4,21.9,3,Short
783,102.0,4.25,60.0,2.5,12.1,3.8,17,Extreme
784,54.0,2.25,24.0,1.0,20.5,11.5,11,Moderate
785,102.0,4.25,78.0,3.25,14.0,0.0,18,Extreme
786,72.0,3.0,18.0,0.75,17.8,0.0,13,Long
787,12.0,0.5,12.0,0.5,24.1,22.2,4,Short
788,12.0,0.5,6.0,0.25,30.9,28.9,3,Short
789,78.0,3.25,30.0,1.25,15.5,5.0,14,Long
790,144.0,6.0,120.0,5.0,11.2,0.0,25,Extreme
791,126.0,5.25,84.0,3.5,10.1,5.8,22,Extreme
792,30.0,1.25,6.0,0.25,44.4,22.1,6,Short
793,24.0,1.0,12.0,0.5,26.1,11.8,4,Short
794,24.0,1.0,18.0,0.75,38.9,26.1,4,Short
795,66.0,2.75,36.0,1.5,20.7,14.1,12,Long
796,54.0,2.25,30.0,1.25,26.2,18.6,10,Moderate
797,48.0,2.0,30.0,1.25,16.0,11.6,9,Moderate
798,36.0,1.5,18.0,0.75,35.0,24.4,7,Moderate
799,42.0,1.75,24.0,1.0,9.0,6.4,8,Moderate
800,84.0,3.5,48.0,2.0,22.2,17.2,15,Long
801,54.0,2.25,24.0,1.0,29.2,18.8,10,Moderate
802,36.0,1.5,18.0,0.75,34.9,9.3,8,Moderate
803,12.0,0.5,12.0,0.5,55.8,47.6,4,Short
804,24.0,1.0,6.0,0.25,9.8,0.0,4,Short
805,0.0,0.0,0.0,0.0,,,1,Short
806,24.0,1.0,18.0,0.75,11.2,6.5,4,Short
807,18.0,0.75,6.0,0.25,37.5,31.0,4,Short
808,84.0,3.5,66.0,2.75,13.5,8.2,15,Long
809,48.0,2.0,6.0,0.25,22.5,11.6,8,Moderate
810,24.0,1.0,6.0,0.25,24.8,23.5,4,Short
811,96.0,4.0,30.0,1.25,23.7,11.2,17,Extreme
812,36.0,1.5,24.0,1.0,19.6,12.7,7,Moderate
813,24.0,1.0,12.0,0.5,23.6,6.4,5,Short
814,24.0,1.0,18.0,0.75,22.0,19.1,4,Short
815,90.0,3.75,54.0,2.25,19.2,6.8,16,Extreme
816,42.0,1.75,18.0,0.75,32.4,17.0,8,Moderate
817,108.0,4.5,60.0,2.5,14.4,7.1,19,Extreme
818,132.0,5.5,24.0,1.0,26.3,9.3,23,Extreme
819,24.0,1.0,24.0,1.0,11.6,6.5,4,Short
820,30.0,1.25,18.0,0.75,47.4,17.5,8,Short
821,30.0,1.25,12.0,0.5,27.6,19.8,6,Short
822,78.0,3.25,60.0,2.5,12.4,7.6,14,Long
823,72.0,3.0,66.0,2.75,14.8,7.9,13,Long
824,126.0,5.25,54.0,2.25,17.9,8.1,22,Extreme
825,72.0,3.0,42.0,1.75,21.3,13.4,13,Long
826,78.0,3.25,48.0,2.0,17.1,2.5,14,Long
827,84.0,3.5,48.0,2.0,25.0,18.6,15,Long
828,48.0,2.0,30.0,1.25,37.5,28.5,9,Moderate
829,108.0,4.5,72.0,3.0,14.4,7.2,19,Extreme
830,30.0,1.25,30.0,1.25,19.1,15.7,6,Short
831,84.0,3.5,48.0,2.0,12.5,4.0,15,Long
832,12.0,0.5,12.0,0.5,20.1,19.8,3,Short
833,84.0,3.5,24.0,1.0,28.5,13.4,15,Long
834,48.0,2.0,36.0,1.5,15.9,9.1,9,Moderate
835,36.0,1.5,24.0,1.0,21.6,8.0,7,Moderate
836,24.0,1.0,18.0,0.75,29.5,27.8,4,Short
837,48.0,2.0,12.0,0.5,37.2,29.7,8,Moderate
838,18.0,0.75,18.0,0.75,17.3,11.2,4,Short
839,108.0,4.5,54.0,2.25,21.3,7.8,19,Extreme
840,120.0,5.0,60.0,2.5,16.2,2.5,21,Extreme
841,78.0,3.25,54.0,2.25,15.0,7.0,14,Long
842,72.0,3.0,36.0,1.5,16.9,6.9,13,Long
843,66.0,2.75,42.0,1.75,23.6,17.2,12,Long
844,30.0,1.25,18.0,0.75,18.4,16.9,6,Short
845,66.0,2.75,36.0,1.5,12.7,9.0,12,Long
846,84.0,3.5,54.0,2.25,16.3,4.1,15,Long
847,48.0,2.0,18.0,0.75,22.9,10.6,8,Moderate
848,18.0,0.75,12.0,0.5,25.9,22.3,4,Short
849,54.0,2.25,36.0,1.5,17.0,8.2,10,Moderate
850,48.0,2.0,36.0,1.5,18.6,16.2,8,Moderate
851,42.0,1.75,30.0,1.25,10.6,3.5,8,Moderate
852,48.0,2.0,48.0,2.0,6.7,5.1,8,Moderate
853,72.0,3.0,42.0,1.75,15.6,5.6,13,Long
854,90.0,3.75,42.0,1.75,9.8,3.6,16,Extreme
855,108.0,4.5,72.0,3.0,16.3,3.4,19,Extreme
856,30.0,1.25,6.0,0.25,26.9,21.4,6,Short
857,174.0,7.25,102.0,4.25,13.2,4.9,30,Extreme
858,42.0,1.75,18.0,0.75,21.5,16.8,8,Moderate
859,60.0,2.5,30.0,1.25,30.4,19.7,11,Long
860,66.0,2.75,48.0,2.0,18.2,12.3,12,Long
861,72.0,3.0,54.0,2.25,15.6,6.6,12,Long
862,78.0,3.25,54.0,2.25,24.6,4.1,16,Long
863,48.0,2.0,30.0,1.25,18.3,8.0,8,Moderate
864,48.0,2.0,12.0,0.5,21.5,11.1,8,Moderate
865,66.0,2.75,36.0,1.5,17.0,9.4,12,Long
866,96.0,4.0,66.0,2.75,14.5,8.8,17,Extreme
867,144.0,6.0,30.0,1.25,23.5,9.3,25,Extreme
868,114.0,4.75,66.0,2.75,15.5,4.0,20,Extreme
869,102.0,4.25,54.0,2.25,16.5,7.2,18,Extreme
870,78.0,3.25,36.0,1.5,15.1,8.7,14,Long
871,18.0,0.75,0.0,0.0,9.8,8.9,4,Short
872,114.0,4.75,84.0,3.5,11.0,2.5,20,Extreme
873,90.0,3.75,48.0,2.0,23.5,10.4,16,Extreme
874,66.0,2.75,42.0,1.75,21.2,11.1,12,Long
875,60.0,2.5,42.0,1.75,21.1,6.6,11,Long
876,102.0,4.25,54.0,2.25,17.6,5.6,18,Extreme
877,54.0,2.25,54.0,2.25,7.7,3.7,10,Moderate
878,108.0,4.5,48.0,2.0,24.6,9.3,20,Extreme
879,48.0,2.0,18.0,0.75,22.0,9.4,9,Moderate
880,66.0,2.75,30.0,1.25,25.3,13.5,12,Long
881,24.0,1.0,18.0,0.75,24.7,14.6,5,Short
882,36.0,1.5,24.0,1.0,26.0,19.8,7,Moderate
883,156.0,6.5,138.0,5.75,11.5,3.4,27,Extreme
884,144.0,6.0,78.0,3.25,15.9,5.8,24,Extreme
885,84.0,3.5,48.0,2.0,20.8,10.5,15,Long
886,66.0,2.75,36.0,1.5,19.2,13.4,12,Long
887,84.0,3.5,42.0,1.75,14.2,5.4,16,Long
888,90.0,3.75,78.0,3.25,10.9,3.5,16,Extreme
889,60.0,2.5,60.0,2.5,7.9,5.7,11,Long
890,72.0,3.0,36.0,1.5,17.0,12.7,13,Long
891,30.0,1.25,0.0,0.0,18.5,7.6,6,Short
892,84.0,3.5,48.0,2.0,15.1,7.3,15,Long
893,48.0,2.0,24.0,1.0,23.9,18.8,8,Moderate
894,72.0,3.0,36.0,1.5,17.8,10.4,13,Long
895,174.0,7.25,120.0,5.0,10.9,3.5,30,Extreme
896,60.0,2.5,54.0,2.25,10.4,6.9,11,Long
897,48.0,2.0,18.0,0.75,34.0,26.4,8,Moderate
898,24.0,1.0,18.0,0.75,40.3,37.6,4,Short
899,42.0,1.75,24.0,1.0,14.6,8.1,8,Moderate
900,120.0,5.0,36.0,1.5,22.6,6.4,20,Extreme
901,90.0,3.75,42.0,1.75,21.2,12.1,16,Extreme
902,138.0,5.75,138.0,5.75,5.9,1.8,24,Extreme
903,78.0,3.25,48.0,2.0,10.3,6.6,14,Long
904,42.0,1.75,24.0,1.0,12.6,8.2,8,Moderate
905,42.0,1.75,24.0,1.0,14.4,9.1,8,Moderate
906,24.0,1.0,12.0,0.5,23.1,18.5,5,Short
907,132.0,5.5,66.0,2.75,14.5,7.2,23,Extreme
908,78.0,3.25,30.0,1.25,29.2,8.6,14,Long
909,72.0,3.0,48.0,2.0,22.5,14.2,13,Long
910,96.0,4.0,24.0,1.0,23.0,8.7,17,Extreme
911,78.0,3.25,54.0,2.25,8.4,1.9,14,Long
912,18.0,0.75,6.0,0.25,25.0,18.7,5,Short
913,24.0,1.0,12.0,0.5,11.8,9.4,4,Short
914,84.0,3.5,84.0,3.5,13.5,7.4,15,Long
915,66.0,2.75,42.0,1.75,19.8,12.3,12,Long
916,84.0,3.5,48.0,2.0,13.9,5.1,15,Long
917,30.0,1.25,6.0,0.25,9.7,4.0,6,Short
918,48.0,2.0,36.0,1.5,14.6,7.1,9,Moderate
919,102.0,4.25,96.0,4.0,12.5,4.0,18,Extreme
920,30.0,1.25,18.0,0.75,26.6,23.2,6,Short
921,24.0,1.0,12.0,0.5,37.9,33.5,4,Short
922,24.0,1.0,18.0,0.75,16.6,10.5,5,Short
923,102.0,4.25,42.0,1.75,16.8,4.1,18,Extreme
924,96.0,4.0,54.0,2.25,16.8,5.4,17,Extreme
925,54.0,2.25,36.0,1.5,27.6,13.3,13,Moderate
926,126.0,5.25,84.0,3.5,9.0,1.6,22,Extreme
927,60.0,2.5,36.0,1.5,26.3,23.0,11,Long
928,168.0,7.0,60.0,2.5,16.5,4.1,28,Extreme
929,42.0,1.75,24.0,1.0,18.2,7.6,9,Moderate
930,78.0,3.25,18.0,0.75,42.1,28.9,15,Long
931,30.0,1.25,18.0,0.75,39.5,14.9,8,Short
932,24.0,1.0,6.0,0.25,8.0,4.1,4,Short
933,84.0,3.5,54.0,2.25,17.2,6.9,15,Long
934,48.0,2.0,12.0,0.5,27.1,24.0,8,Moderate
935,78.0,3.25,54.0,2.25,16.9,7.6,14,Long
936,42.0,1.75,36.0,1.5,25.3,19.1,8,Moderate
937,60.0,2.5,36.0,1.5,22.3,14.8,11,Long
938,48.0,2.0,30.0,1.25,22.0,16.7,9,Moderate
939,60.0,2.5,30.0,1.25,20.2,9.9,11,Long
940,48.0,2.0,24.0,1.0,24.8,19.0,9,Moderate
941,126.0,5.25,108.0,4.5,10.3,2.5,22,Extreme
942,24.0,1.0,12.0,0.5,11.4,8.8,4,Short
943,60.0,2.5,42.0,1.75,22.4,15.8,11,Long
944,24.0,1.0,18.0,0.75,16.8,13.5,5,Short
945,72.0,3.0,30.0,1.25,23.2,11.2,12,Long
946,60.0,2.5,30.0,1.25,11.5,7.7,10,Long
947,48.0,2.0,48.0,2.0,12.7,4.1,9,Moderate
948,72.0,3.0,36.0,1.5,21.3,16.5,13,Long
949,96.0,4.0,48.0,2.0,17.3,4.0,16,Extreme
950,30.0,1.25,24.0,1.0,21.3,15.3,6,Short
951,30.0,1.25,12.0,0.5,37.6,27.6,8,Short
952,72.0,3.0,42.0,1.75,16.1,10.8,12,Long
953,48.0,2.0,36.0,1.5,9.8,3.5,8,Moderate
954,12.0,0.5,12.0,0.5,24.5,23.4,3,Short
955,60.0,2.5,24.0,1.0,27.6,12.1,11,Long
956,48.0,2.0,6.0,0.25,14.1,5.5,8,Moderate
957,96.0,4.0,54.0,2.25,25.4,5.6,18,Extreme
958,42.0,1.75,24.0,1.0,24.8,18.2,8,Moderate
959,66.0,2.75,42.0,1.75,20.7,16.0,12,Long
960,96.0,4.0,30.0,1.25,27.4,13.0,17,Extreme
961,48.0,2.0,36.0,1.5,16.1,11.2,8,Moderate
962,48.0,2.0,36.0,1.5,16.4,10.8,8,Moderate
963,60.0,2.5,30.0,1.25,37.9,25.1,10,Long
964,48.0,2.0,30.0,1.25,17.6,12.9,9,Moderate
965,54.0,2.25,24.0,1.0,31.2,23.9,10,Moderate
966,102.0,4.25,48.0,2.0,24.6,9.0,20,Extreme
967,18.0,0.75,6.0,0.25,23.7,17.9,4,Short
968,6.0,0.25,6.0,0.25,7.2,7.2,2,Short
969,24.0,1.0,0.0,0.0,44.0,22.8,4,Short
970,120.0,5.0,72.0,3.0,9.2,4.0,21,Extreme
971,90.0,3.75,60.0,2.5,11.1,5.6,16,Extreme
972,66.0,2.75,42.0,1.75,23.3,14.8,12,Long
973,120.0,5.0,66.0,2.75,22.1,12.4,20,Extreme
974,36.0,1.5,12.0,0.5,29.4,13.1,8,Moderate
975,30.0,1.25,12.0,0.5,26.5,22.6,6,Short
976,48.0,2.0,42.0,1.75,17.4,7.4,9,Moderate
977,54.0,2.25,42.0,1.75,21.7,12.9,10,Moderate
978,48.0,2.0,36.0,1.5,19.5,14.0,9,Moderate
979,48.0,2.0,30.0,1.25,21.6,17.2,9,Moderate
980,48.0,2.0,42.0,1.75,13.2,5.0,9,Moderate
981,54.0,2.25,48.0,2.0,17.5,10.2,10,Moderate
982,48.0,2.0,30.0,1.25,26.2,20.5,9,Moderate
983,114.0,4.75,84.0,3.5,15.3,3.9,20,Extreme
984,0.0,0.0,0.0,0.0,56.6,32.5,4,Short
985,30.0,1.25,12.0,0.5,22.7,17.0,6,Short
986,42.0,1.75,18.0,0.75,22.8,16.0,8,Moderate
987,0.0,0.0,0.0,0.0,18.5,18.5,2,Short
988,78.0,3.25,42.0,1.75,24.2,12.9,14,Long
989,78.0,3.25,36.0,1.5,20.8,7.4,16,Long
990,66.0,2.75,48.0,2.0,18.7,11.2,12,Long
991,24.0,1.0,12.0,0.5,32.1,28.0,4,Short
992,144.0,6.0,114.0,4.75,10.6,2.5,24,Extreme
993,60.0,2.5,54.0,2.25,15.5,12.0,11,Long
994,78.0,3.25,48.0,2.0,14.8,10.6,14,Long
995,66.0,2.75,30.0,1.25,31.2,22.5,12,Long
996,30.0,1.25,12.0,0.5,22.1,13.1,6,Short
997,66.0,2.75,24.0,1.0,20.8,14.8,17,Long
998,42.0,1.75,12.0,0.5,34.6,26.4,8,Moderate
999,84.0,3.5,48.0,2.0,17.6,6.5,15,Long
1000,120.0,5.0,108.0,4.5,9.9,1.9,20,Extreme
1001,30.0,1.25,30.0,1.25,3.3,2.6,6,Short
1002,36.0,1.5,21.0,0.88,27.8,22.0,11,Moderate
1003,12.0,0.5,6.0,0.25,10.9,10.6,2,Short
1004,126.0,5.25,72.0,3.0,21.2,7.6,27,Extreme
1005,48.0,2.0,36.0,1.5,20.9,11.4,13,Moderate
1006,72.0,3.0,36.0,1.5,29.0,21.2,17,Long
1007,48.0,2.0,27.0,1.12,33.6,26.1,13,Moderate
1008,102.0,4.25,60.0,2.5,8.0,4.1,22,Extreme
1009,36.0,1.5,18.0,0.75,15.0,8.9,7,Moderate
1010,90.0,3.75,54.0,2.25,11.9,4.1,16,Extreme
1011,78.0,3.25,36.0,1.5,24.6,20.0,14,Long
1012,48.0,2.0,36.0,1.5,25.2,17.9,13,Moderate
1013,48.0,2.0,24.0,1.0,29.1,15.3,9,Moderate
1014,54.0,2.25,30.0,1.25,22.4,9.1,14,Moderate
1015,30.0,1.25,30.0,1.25,10.4,9.0,6,Short
1016,168.0,7.0,111.0,4.62,11.4,4.1,48,Extreme
1017,60.0,2.5,18.0,0.75,16.2,3.7,14,Long
1018,6.0,0.25,6.0,0.25,32.0,18.3,4,Short
1019,72.0,3.0,42.0,1.75,26.2,16.2,25,Long
1020,180.0,7.5,129.0,5.38,17.6,5.1,48,Extreme
1021,126.0,5.25,24.0,1.0,31.7,17.4,40,Extreme
1022,48.0,2.0,12.0,0.5,29.4,25.9,9,Moderate
1023,93.0,3.88,51.0,2.12,20.2,7.4,28,Extreme
1024,210.0,8.75,189.0,7.88,11.5,0.0,63,Extreme
1025,93.0,3.88,66.0,2.75,24.9,6.9,32,Extreme
1026,138.0,5.75,84.0,3.5,20.1,3.7,41,Extreme
1027,24.0,1.0,6.0,0.25,15.6,9.3,4,Short
1028,24.0,1.0,12.0,0.5,22.9,13.3,4,Short
1029,42.0,1.75,12.0,0.5,29.5,24.2,8,Moderate
1030,78.0,3.25,78.0,3.25,8.4,3.7,27,Long
1031,24.0,1.0,18.0,0.75,39.0,24.3,4,Short
1032,114.0,4.75,39.0,1.62,16.6,5.2,27,Extreme
1033,60.0,2.5,33.0,1.38,28.7,19.1,20,Long
1034,24.0,1.0,18.0,0.75,33.7,28.9,4,Short
1035,54.0,2.25,48.0,2.0,5.5,2.5,10,Moderate
1036,66.0,2.75,51.0,2.12,18.5,12.8,17,Long
1037,72.0,3.0,24.0,1.0,23.9,11.2,12,Long
1038,48.0,2.0,36.0,1.5,18.0,10.0,9,Moderate
1039,108.0,4.5,81.0,3.38,13.3,3.5,31,Extreme
1040,42.0,1.75,24.0,1.0,28.0,18.6,8,Moderate
1041,156.0,6.5,96.0,4.0,15.8,3.7,45,Extreme
1042,24.0,1.0,6.0,0.25,29.1,18.6,4,Short
1043,54.0,2.25,33.0,1.38,22.7,10.9,19,Moderate
1044,60.0,2.5,30.0,1.25,25.6,9.0,12,Long
1045,174.0,7.25,123.0,5.12,18.4,2.6,35,Extreme
1046,90.0,3.75,18.0,0.75,39.9,14.8,16,Extreme
1047,90.0,3.75,42.0,1.75,19.1,12.1,16,Extreme
1048,30.0,1.25,24.0,1.0,34.3,20.5,8,Short
1049,66.0,2.75,36.0,1.5,27.4,15.2,16,Long
1050,24.0,1.0,6.0,0.25,23.1,4.1,5,Short
1051,48.0,2.0,18.0,0.75,20.2,15.7,8,Moderate
1052,36.0,1.5,18.0,0.75,24.7,14.4,13,Moderate
1053,66.0,2.75,45.0,1.88,21.4,11.1,16,Long
1054,120.0,5.0,39.0,1.62,26.6,10.6,29,Extreme
1055,24.0,1.0,6.0,0.25,42.5,38.9,4,Short
1056,30.0,1.25,12.0,0.5,58.1,45.2,8,Short
1057,30.0,1.25,15.0,0.62,25.1,22.2,11,Short
1058,63.0,2.62,33.0,1.38,21.7,15.2,18,Long
1059,72.0,3.0,36.0,1.5,13.3,9.4,12,Long
1060,72.0,3.0,24.0,1.0,26.8,9.4,13,Long
1061,36.0,1.5,24.0,1.0,29.1,13.0,8,Moderate
1062,72.0,3.0,42.0,1.75,25.6,9.1,13,Long
1063,30.0,1.25,18.0,0.75,32.6,10.8,7,Short
1064,36.0,1.5,18.0,0.75,30.7,20.0,8,Moderate
1065,48.0,2.0,24.0,1.0,17.4,12.1,9,Moderate
1066,60.0,2.5,39.0,1.62,21.1,14.6,16,Long
1067,36.0,1.5,12.0,0.5,33.3,25.1,7,Moderate
1068,24.0,1.0,6.0,0.25,8.0,7.1,4,Short
1069,54.0,2.25,54.0,2.25,17.2,12.9,10,Moderate
1070,24.0,1.0,12.0,0.5,23.0,12.5,4,Short
1071,30.0,1.25,6.0,0.25,15.0,7.4,6,Short
1072,12.0,0.5,12.0,0.5,5.5,5.5,3,Short
1073,72.0,3.0,42.0,1.75,19.0,15.1,13,Long
1074,66.0,2.75,18.0,0.75,31.9,15.7,12,Long
1075,60.0,2.5,39.0,1.62,19.9,8.0,16,Long
1076,48.0,2.0,30.0,1.25,19.5,14.8,14,Moderate
1077,168.0,7.0,138.0,5.75,8.9,0.0,42,Extreme
1078,192.0,8.0,114.0,4.75,13.4,3.2,55,Extreme
1079,30.0,1.25,30.0,1.25,5.5,2.8,6,Short
1080,132.0,5.5,102.0,4.25,13.2,3.7,40,Extreme
1081,42.0,1.75,6.0,0.25,11.2,7.5,7,Moderate
1082,36.0,1.5,12.0,0.5,35.7,16.3,8,Moderate
1083,18.0,0.75,12.0,0.5,24.9,23.6,4,Short
1084,84.0,3.5,84.0,3.5,6.8,0.0,15,Long
1085,144.0,6.0,96.0,4.0,13.9,3.7,24,Extreme
1086,36.0,1.5,24.0,1.0,21.2,16.1,8,Moderate
1087,102.0,4.25,75.0,3.12,10.9,4.1,26,Extreme
1088,24.0,1.0,15.0,0.62,28.0,21.1,7,Short
1089,36.0,1.5,36.0,1.5,23.2,12.8,10,Moderate
1090,54.0,2.25,12.0,0.5,21.7,14.8,10,Moderate
1091,180.0,7.5,45.0,1.88,18.8,4.1,52,Extreme
1092,72.0,3.0,60.0,2.5,11.2,0.0,13,Long
1093,12.0,0.5,6.0,0.25,28.5,22.7,3,Short
1094,24.0,1.0,24.0,1.0,20.3,15.6,9,Short
1095,66.0,2.75,39.0,1.62,21.4,7.9,17,Long
1096,48.0,2.0,30.0,1.25,28.6,17.9,14,Moderate
1097,66.0,2.75,30.0,1.25,23.1,11.2,12,Long
1098,18.0,0.75,12.0,0.5,82.3,76.9,4,Short
1099,117.0,4.88,36.0,1.5,23.7,3.7,34,Extreme
1100,66.0,2.75,30.0,1.25,21.7,12.5,12,Long
1101,30.0,1.25,18.0,0.75,18.2,10.9,6,Short
1102,24.0,1.0,18.0,0.75,15.9,11.9,4,Short
1103,54.0,2.25,54.0,2.25,11.8,6.5,10,Moderate
1104,6.0,0.25,6.0,0.25,25.3,25.3,2,Short
1105,48.0,2.0,42.0,1.75,11.6,7.4,14,Moderate
1106,90.0,3.75,48.0,2.0,17.1,9.0,24,Extreme
1107,96.0,4.0,45.0,1.88,21.3,7.0,33,Extreme
1108,96.0,4.0,48.0,2.0,8.8,1.7,16,Extreme
1109,30.0,1.25,18.0,0.75,19.1,11.5,7,Short
1110,12.0,0.5,12.0,0.5,31.0,23.8,8,Short
1111,120.0,5.0,72.0,3.0,12.6,3.9,28,Extreme
1112,204.0,8.5,144.0,6.0,10.6,0.0,68,Extreme
1113,42.0,1.75,24.0,1.0,18.6,15.5,9,Moderate
1114,138.0,5.75,102.0,4.25,9.6,2.5,28,Extreme
1115,93.0,3.88,63.0,2.62,10.7,5.1,28,Extreme
1116,72.0,3.0,39.0,1.62,17.0,3.7,23,Long
1117,30.0,1.25,18.0,0.75,17.0,11.6,6,Short
1118,126.0,5.25,96.0,4.0,13.1,2.5,29,Extreme
1119,96.0,4.0,72.0,3.0,14.6,6.4,33,Extreme
1120,48.0,2.0,6.0,0.25,28.8,20.4,9,Moderate
1121,108.0,4.5,60.0,2.5,15.1,5.6,24,Extreme
1122,84.0,3.5,63.0,2.62,16.0,3.1,29,Long
1123,78.0,3.25,42.0,1.75,22.3,13.0,14,Long
1124,72.0,3.0,51.0,2.12,32.0,7.4,24,Long
1125,48.0,2.0,30.0,1.25,14.3,9.1,9,Moderate
1126,90.0,3.75,48.0,2.0,6.1,0.0,22,Extreme
1127,84.0,3.5,78.0,3.25,13.5,3.7,15,Long
1128,48.0,2.0,18.0,0.75,37.9,15.2,10,Moderate
1129,72.0,3.0,30.0,1.25,14.6,2.6,12,Long
1130,60.0,2.5,60.0,2.5,8.1,5.2,11,Long
1131,36.0,1.5,24.0,1.0,10.1,6.9,7,Moderate
1132,48.0,2.0,30.0,1.25,17.6,6.6,9,Moderate
