event_id,tc_id,tc_name,year,PER_flag,RT_CMA,RT_local_CMA,vt_CMA,RT_IB,vt_IB,matched
1,3,Karen,1960,0,24.0,18.0,12.8,27.0,22.44458679499593,1
2,6,Mary,1960,1,168.0,42.0,16.9,147.0,11.591632332815678,1
3,8,(nameless),1960,0,54.0,36.0,13.8,,,0
4,7,Olive,1960,0,78.0,42.0,20.5,75.0,20.959144758208122,1
5,9,Polly,1960,0,126.0,30.0,30.8,123.0,30.885130493798897,1
6,11,Shirley,1960,1,174.0,72.0,14.2,171.0,14.749432894014499,1
7,12,(nameless),1960,0,102.0,72.0,10.9,,,0
8,13,Trix,1960,1,168.0,78.0,16.1,171.0,16.1925714915093,1
9,15,(nameless),1960,0,18.0,0.0,31.1,,,0
10,14,Trix(-)1,1960,0,66.0,54.0,12.3,51.0,16.614624609268027,1
11,20,(nameless),1960,0,72.0,24.0,13.8,,,0
12,19,Agnes,1960,0,42.0,30.0,24.9,27.0,27.120168267615576,1
13,25,Elaine,1960,0,216.0,120.0,13.2,201.0,11.543338181727504,1
14,23,Carmen,1960,0,90.0,12.0,36.0,75.0,40.02278902446931,1
15,24,Della,1960,0,24.0,12.0,45.9,,,1
16,28,Gloria,1960,0,24.0,6.0,23.8,,,1
17,27,(nameless),1960,0,54.0,30.0,21.8,,,0
18,30,Irma,1960,0,36.0,18.0,42.7,27.0,24.3000413459268,1
19,31,(nameless),1960,0,48.0,36.0,17.9,,,0
20,32,(nameless),1960,0,120.0,42.0,15.4,,,0
21,35,Kit,1960,0,90.0,84.0,12.7,75.0,11.378635171426057,1
22,36,Lola,1960,0,54.0,36.0,19.0,51.0,18.154487580844837,1
23,45,Alice,1961,0,96.0,30.0,25.7,75.0,19.343780862920394,1
24,48,(nameless),1961,0,60.0,42.0,7.8,,,0
25,48,(nameless),1961,0,48.0,18.0,18.7,,,0
26,46,Betty,1961,0,72.0,24.0,40.8,51.0,27.5736760638531,1
27,47,Betty(-)1,1961,0,6.0,6.0,21.3,27.0,21.772931210510606,1
28,50,(nameless),1961,0,114.0,42.0,18.4,,,0
29,49,(nameless),1961,0,24.0,6.0,20.6,,,0
30,51,Cora,1961,0,72.0,48.0,15.0,75.0,15.546350383466779,1
31,55,Doris(-)1,1961,0,18.0,18.0,15.3,27.0,19.566710268668444,1
32,54,Doris,1961,0,42.0,36.0,21.3,27.0,20.54245675333629,1
33,57,Elsie,1961,0,72.0,24.0,19.8,75.0,18.858241931640862,1
34,58,Flossie,1961,0,54.0,24.0,22.2,51.0,23.702449562795827,1
35,59,Grace,1961,0,24.0,6.0,29.0,,,1
36,59,Grace,1961,0,12.0,0.0,28.0,,,1
37,60,Helen,1961,0,6.0,6.0,21.0,,,1
38,60,Helen,1961,0,54.0,30.0,16.3,51.0,18.45768289864938,1
39,62,June,1961,0,54.0,24.0,13.9,51.0,12.313799962130698,1
40,63,(nameless),1961,0,18.0,0.0,18.9,,,0
41,64,(nameless)(-)1,1961,0,30.0,6.0,42.4,21.0,34.93496162011085,1
42,66,(nameless),1961,0,30.0,18.0,28.7,,,0
43,67,(nameless),1961,0,66.0,42.0,23.4,,,0
44,68,Lorna,1961,0,108.0,66.0,15.7,99.0,15.62443651695486,1
45,71,(nameless),1961,0,66.0,24.0,14.4,,,0
46,72,Olga,1961,0,96.0,60.0,14.3,99.0,12.507395892834229,1
47,73,Pamela,1961,0,66.0,42.0,23.4,51.0,27.9103103702989,1
48,75,Ruby,1961,0,54.0,42.0,21.7,51.0,20.621170911659746,1
49,76,Sally,1961,0,48.0,30.0,27.6,51.0,26.36342416492324,1
50,77,Tilda,1961,0,72.0,54.0,25.7,51.0,16.80005463365152,1
51,80,Wilda,1961,0,36.0,12.0,19.7,27.0,23.258076312641435,1
52,82,Anita,1961,0,30.0,24.0,27.4,27.0,32.73958786528536,1
53,91,(nameless),1962,0,78.0,36.0,15.7,,,0
54,93,Joan,1962,0,24.0,6.0,30.6,,,1
55,93,Joan,1962,0,24.0,18.0,58.3,,,1
56,93,Joan,1962,0,6.0,0.0,68.6,,,1
57,94,(nameless),1962,0,60.0,24.0,25.1,,,0
58,95,Kate,1962,0,126.0,60.0,15.6,123.0,16.183212104165175,1
59,97,Nora,1962,0,90.0,30.0,37.4,75.0,28.410887402596984,1
60,99,(nameless),1962,0,12.0,0.0,22.5,,,0
61,100,Opal,1962,0,96.0,30.0,36.4,75.0,34.37875165977555,1
62,100,Opal,1962,0,12.0,6.0,25.5,,,1
63,101,Patsy,1962,0,72.0,36.0,25.7,75.0,25.06711427980946,1
64,103,Sarah,1962,0,42.0,18.0,13.9,27.0,15.54563063014647,1
65,106,Wanda,1962,1,156.0,78.0,13.8,147.0,14.493826719163115,1
66,107,Amy,1962,0,120.0,30.0,34.2,99.0,30.822838294362995,1
67,109,Babs,1962,0,54.0,30.0,18.7,48.0,20.37615327039301,1
68,110,Carla,1962,0,72.0,36.0,19.9,75.0,19.360373588679405,1
69,113,(nameless),1962,0,36.0,30.0,18.8,,,0
70,114,Dinah,1962,0,36.0,30.0,18.6,27.0,21.316609810397644,1
71,120,Jean,1962,0,144.0,90.0,6.9,123.0,6.05728191964089,1
72,128,Rose,1963,0,12.0,6.0,13.1,,,1
73,129,Shirley,1963,0,42.0,30.0,30.6,27.0,22.210631769304708,1
74,129,Shirley,1963,0,30.0,12.0,44.7,18.0,55.08864540925947,1
75,130,Trix,1963,0,60.0,30.0,18.0,51.0,13.467995362445526,1
76,132,Wendy,1963,0,72.0,66.0,12.1,75.0,16.255169824827682,1
77,133,Wendy(-)1,1963,0,18.0,18.0,8.3,27.0,16.09241359172701,1
78,134,Wendy(-)2,1963,0,12.0,12.0,29.9,27.0,29.963625265175068,1
79,136,Agnes,1963,0,96.0,72.0,15.9,99.0,16.35939445948241,1
80,138,(nameless),1963,0,96.0,36.0,11.3,,,0
81,139,Carmen,1963,0,72.0,48.0,20.6,75.0,20.34619175107143,1
82,140,(nameless),1963,0,72.0,24.0,17.5,,,0
83,143,(nameless),1963,0,78.0,36.0,17.7,,,0
84,145,(nameless),1963,0,48.0,42.0,9.1,,,0
85,144,Faye,1963,0,108.0,72.0,16.0,99.0,16.59800739968775,1
86,146,Gloria,1963,1,120.0,90.0,12.1,123.0,12.256885503896552,1
87,149,(nameless),1963,0,24.0,6.0,22.7,,,0
88,151,(nameless),1963,0,60.0,42.0,12.0,,,0
89,161,Viola,1964,1,162.0,72.0,11.0,171.0,10.47871884056069,1
90,162,Winnie,1964,0,60.0,48.0,24.2,51.0,20.81958383570939,1
91,164,Betty,1964,0,60.0,36.0,17.3,51.0,13.616465284142455,1
92,168,Flossie,1964,0,120.0,24.0,21.9,123.0,22.079927113710102,1
93,170,Helen,1964,0,90.0,24.0,35.8,75.0,32.10377343296644,1
94,171,Ida,1964,0,60.0,42.0,22.4,51.0,24.147425211242243,1
95,172,June,1964,0,126.0,114.0,14.0,123.0,17.122294732003535,1
96,177,Olga,1964,0,84.0,84.0,5.3,69.0,5.4177265902232525,1
97,178,Ruby,1964,0,54.0,30.0,21.5,51.0,23.14392242340187,1
98,179,Sally,1964,0,66.0,42.0,22.1,51.0,25.236333899248773,1
99,180,Tilda,1964,0,210.0,144.0,13.4,219.0,12.653031488495945,1
100,181,Violet,1964,0,60.0,36.0,18.6,51.0,20.390671615732913,1
101,182,(nameless),1964,0,6.0,0.0,15.8,,,0
102,185,Anita,1964,0,42.0,36.0,18.8,27.0,18.163033108269115,1
103,186,Billie,1964,0,36.0,24.0,30.3,27.0,33.206867316919514,1
104,187,Clara,1964,0,54.0,42.0,21.2,51.0,22.243117498634653,1
105,188,Dot,1964,0,120.0,48.0,19.0,99.0,17.836974313658075,1
106,191,Georgia,1964,0,54.0,36.0,28.9,51.0,25.740656084061612,1
107,193,Iris,1964,0,36.0,12.0,18.4,27.0,18.753134370563174,1
108,209,Carla,1965,0,24.0,6.0,28.2,,,1
109,210,Babe,1965,0,144.0,36.0,16.8,123.0,13.686199291164872,1
110,211,(nameless),1965,0,66.0,42.0,17.2,,,0
111,212,Dinah,1965,0,42.0,18.0,42.0,27.0,24.602633985757407,1
112,214,(nameless),1965,0,24.0,6.0,22.7,,,0
113,217,(nameless),1965,0,60.0,48.0,10.2,,,0
114,216,Freda,1965,0,54.0,36.0,26.1,51.0,26.759620157902443,1
115,218,Gilda,1965,0,24.0,12.0,24.0,,,1
116,218,Gilda,1965,0,90.0,66.0,16.7,75.0,11.157937467228487,1
117,220,Harriet,1965,0,90.0,30.0,37.5,75.0,35.80343676568781,1
118,221,Harriet(-)1,1965,0,6.0,6.0,11.6,,,0
119,222,Jean,1965,0,48.0,30.0,35.4,36.0,37.11000981259528,1
120,226,Nadine,1965,0,114.0,90.0,12.9,117.0,12.939628910679874,1
121,225,Mary,1965,1,138.0,60.0,16.7,123.0,16.9107344505533,1
122,229,Polly,1965,0,42.0,36.0,24.4,27.0,19.816825356354713,1
123,230,Rose,1965,0,84.0,42.0,19.8,75.0,19.75449808350507,1
124,235,Agnes,1965,0,102.0,66.0,10.0,99.0,10.78849799270967,1
125,239,Elaine,1965,0,108.0,60.0,9.8,99.0,10.200573446379325,1
126,245,Judy,1966,0,84.0,42.0,24.1,75.0,15.65044282558521,1
127,247,Lola,1966,0,54.0,36.0,19.2,51.0,19.11003245869318,1
128,248,Mamie,1966,0,54.0,24.0,28.4,51.0,29.622967754249167,1
129,249,Nina,1966,0,24.0,12.0,15.9,27.0,13.33880485834969,1
130,252,Ora,1966,0,84.0,54.0,16.4,75.0,17.107216529777535,1
131,250,(nameless),1966,0,24.0,12.0,20.5,,,0
132,253,Phyllis,1966,0,78.0,36.0,17.8,75.0,17.119652791532385,1
133,256,Susan,1966,0,48.0,12.0,19.0,27.0,11.52915360371074,1
134,256,Susan,1966,0,54.0,24.0,20.6,51.0,21.71860268228962,1
135,257,Tess,1966,0,132.0,78.0,10.6,123.0,10.097727529483821,1
136,259,Winnie,1966,0,114.0,36.0,24.5,96.0,21.391356477202315,1
137,260,Betty,1966,0,48.0,24.0,13.0,27.0,12.485189306800708,1
138,260,Betty,1966,0,12.0,6.0,30.7,,,1
139,263,(nameless),1966,0,24.0,12.0,19.4,,,0
140,261,Alice,1966,0,60.0,42.0,18.5,51.0,21.795366664865693,1
141,262,Cora,1966,0,108.0,42.0,19.3,99.0,19.19549954470536,1
142,266,Elsie,1966,0,48.0,30.0,21.0,27.0,10.49473518385862,1
143,266,Elsie,1966,0,96.0,48.0,12.4,75.0,9.328987227579473,1
144,268,(nameless),1966,0,24.0,12.0,17.4,,,0
145,290,Violet,1967,0,72.0,24.0,14.2,75.0,12.433976156237321,1
146,294,(nameless),1967,0,36.0,18.0,21.0,,,0
147,293,Anita,1967,0,42.0,24.0,24.7,27.0,19.168431662769827,1
148,295,Billie,1967,0,48.0,24.0,19.1,27.0,15.54826072997017,1
149,296,Clara,1967,0,54.0,24.0,16.4,51.0,15.224276615298152,1
150,297,(nameless),1967,0,12.0,0.0,13.8,,,0
151,299,Dot,1967,0,18.0,6.0,13.9,,,1
152,299,Dot,1967,0,102.0,36.0,24.1,99.0,23.32966535485006,1
153,302,Fran,1967,0,30.0,6.0,20.9,9.0,25.78033891698153,1
154,302,Fran,1967,1,132.0,78.0,11.0,123.0,10.436763564303437,1
155,304,(nameless),1967,0,42.0,24.0,22.9,,,0
156,307,(nameless),1967,0,60.0,36.0,14.8,,,0
157,309,Iris,1967,0,78.0,66.0,16.1,75.0,14.313738247539339,1
158,311,Kate,1967,0,78.0,30.0,18.1,75.0,20.80966250517994,1
159,315,(nameless),1967,0,36.0,18.0,27.6,,,0
160,314,Marge,1967,0,24.0,6.0,14.4,27.0,14.198506065424116,1
161,316,Nora,1967,0,54.0,24.0,27.9,51.0,28.03707740581021,1
162,317,Nora(-)1,1967,0,18.0,18.0,17.7,27.0,14.198506065424116,1
163,319,Patsy,1967,0,96.0,42.0,22.1,99.0,21.624208738237094,1
164,323,(nameless),1967,0,24.0,6.0,19.5,,,0
165,328,(nameless),1967,0,78.0,60.0,14.0,,,0
166,331,(nameless),1967,0,24.0,12.0,22.0,,,0
167,333,Carla,1967,0,48.0,24.0,22.8,51.0,23.080973458150176,1
168,335,Emma,1967,0,24.0,6.0,13.1,,,1
169,335,Emma,1967,0,36.0,36.0,13.8,27.0,15.41193955173994,1
170,337,Gilda,1967,0,36.0,18.0,20.6,27.0,17.863313879416403,1
171,338,Gilda(-)1,1967,0,18.0,12.0,8.1,27.0,17.863313879416403,1
172,345,(nameless),1968,0,48.0,30.0,9.5,,,0
173,345,(nameless),1968,0,30.0,18.0,14.2,,,0
174,351,Olive,1968,0,48.0,30.0,11.7,27.0,15.671506089473956,1
175,351,Olive,1968,0,0.0,0.0,,,,1
176,349,Nadine,1968,0,90.0,78.0,15.2,75.0,12.378280704840469,1
177,350,Nadine(-)1,1968,0,6.0,6.0,15.5,,,0
178,354,(nameless),1968,0,84.0,48.0,15.8,,,0
179,356,Rose,1968,0,66.0,48.0,18.3,51.0,19.068361777808896,1
180,355,Polly,1968,0,72.0,48.0,16.5,51.0,12.729352302559143,1
181,355,Polly,1968,0,36.0,18.0,39.2,36.0,39.952998355361814,1
182,358,Shirley,1968,0,84.0,60.0,15.8,75.0,16.03258434377699,1
183,365,Bess,1968,0,288.0,174.0,12.2,273.0,10.257770636893552,1
184,362,Wendy,1968,0,108.0,36.0,16.3,99.0,15.303238823001465,1
185,363,Wendy(-)1,1968,0,12.0,12.0,14.8,,,0
186,369,Elaine,1968,0,72.0,42.0,11.0,75.0,10.767493060178024,1
187,385,Tess,1969,0,36.0,24.0,21.5,27.0,22.705516949221074,1
188,388,(nameless),1969,0,78.0,42.0,18.3,,,0
189,387,Viola,1969,0,102.0,54.0,20.5,99.0,20.361467956468175,1
190,389,Winnie,1969,0,12.0,6.0,19.1,,,1
191,391,Betty,1969,0,96.0,60.0,18.6,96.0,19.631205237903913,1
192,393,Doris,1969,0,72.0,36.0,23.1,72.0,23.253130976700756,1
193,396,(nameless),1969,0,96.0,54.0,10.8,,,0
194,398,(nameless),1969,0,66.0,18.0,32.9,,,0
195,400,Elsie,1969,0,108.0,48.0,31.2,99.0,25.674563227506987,1
196,402,Flossie,1969,0,72.0,72.0,6.5,51.0,7.823284184004146,1
197,404,(nameless),1969,0,24.0,6.0,7.4,,,0
198,415,(nameless),1970,0,72.0,18.0,30.8,,,0
199,415,(nameless),1970,0,42.0,42.0,18.5,,,0
200,416,(nameless),1970,0,36.0,12.0,29.1,,,0
201,416,(nameless),1970,0,42.0,18.0,21.0,,,0
202,417,(nameless),1970,0,90.0,60.0,12.7,,,0
203,419,Olga,1970,0,24.0,6.0,19.0,,,1
204,421,Ruby,1970,0,60.0,30.0,26.0,51.0,21.87676405381887,1
205,427,(nameless),1970,0,102.0,60.0,17.0,,,0
206,428,(nameless)(-)1,1970,0,24.0,24.0,10.0,0.0,10.034025121629004,1
207,431,Violet,1970,0,48.0,18.0,27.4,51.0,27.398986945922704,1
208,434,(nameless),1970,0,72.0,60.0,19.8,,,0
209,433,Anita,1970,0,24.0,6.0,43.6,6.0,36.74320223121081,1
210,437,Billie,1970,0,72.0,6.0,24.2,75.0,24.772627692280356,1
211,440,(nameless),1970,0,126.0,84.0,7.8,,,0
212,443,(nameless),1970,0,48.0,48.0,15.4,,,0
213,442,Ellen,1970,0,18.0,6.0,29.3,,,1
214,441,Fran,1970,0,114.0,90.0,16.0,99.0,15.121210565791241,1
215,444,Georgia,1970,0,84.0,60.0,15.2,75.0,14.610319016194262,1
216,448,(nameless),1970,0,18.0,12.0,28.6,,,0
217,449,(nameless),1970,0,18.0,12.0,24.6,,,0
218,451,Iris,1970,0,48.0,30.0,9.7,27.0,11.166816796180195,1
219,451,Iris,1970,0,78.0,54.0,10.8,75.0,8.868930498858761,1
220,453,Joan,1970,0,90.0,54.0,13.4,75.0,14.163821649793931,1
221,454,Kate,1970,0,48.0,42.0,16.5,27.0,13.028132904608796,1
222,457,Marge,1970,0,48.0,42.0,12.4,51.0,11.39133920241273,1
223,460,Patsy,1970,0,30.0,30.0,21.0,27.0,21.738586006009292,1
224,467,Wanda,1971,0,72.0,36.0,10.5,75.0,11.632461463952955,1
225,469,Babe,1971,0,24.0,6.0,25.6,,,1
226,472,Dinah,1971,0,78.0,66.0,13.9,75.0,13.15906284663494,1
227,475,(nameless),1971,0,72.0,42.0,8.6,,,0
228,474,Freda,1971,0,84.0,42.0,22.1,75.0,19.794048017367107,1
229,476,Gilda,1971,0,72.0,36.0,26.2,75.0,27.178987951277026,1
230,477,Harriet,1971,0,66.0,54.0,17.8,51.0,17.42492011741548,1
231,479,Kim,1971,0,66.0,42.0,18.5,51.0,18.951532489405956,1
232,480,Jean,1971,0,54.0,24.0,20.1,51.0,21.48327446052492,1
233,482,Lucy(-)1,1971,0,30.0,30.0,8.2,27.0,20.65527288451482,1
234,481,Lucy,1971,0,66.0,42.0,23.9,51.0,22.938133562036505,1
235,484,Nadine,1971,0,60.0,36.0,24.9,51.0,23.767697095831778,1
236,485,Olive,1971,0,24.0,18.0,36.8,,,1
237,485,Olive,1971,0,6.0,6.0,32.1,,,1
238,486,Polly,1971,0,48.0,24.0,27.4,27.0,27.23915894792617,1
239,486,Polly,1971,0,24.0,6.0,30.4,,,1
240,487,(nameless),1971,0,6.0,0.0,17.3,,,0
241,488,Rose,1971,0,54.0,42.0,13.9,51.0,13.597183134823037,1
242,492,(nameless),1971,0,54.0,42.0,20.7,,,0
243,495,Agnes,1971,0,42.0,30.0,15.0,27.0,15.791911901317238,1
244,498,Bess,1971,0,114.0,36.0,28.6,99.0,29.330939932084156,1
245,500,Della,1971,0,66.0,48.0,22.7,51.0,21.944063077697557,1
246,501,(nameless),1971,0,30.0,6.0,12.7,,,0
247,502,Elaine,1971,0,60.0,42.0,16.9,51.0,17.212860968684623,1
248,507,Hester,1971,0,18.0,18.0,25.7,,,1
249,519,Mamie,1972,0,54.0,12.0,17.4,51.0,14.531877543258524,1
250,521,(nameless),1972,0,66.0,30.0,23.1,,,0
251,522,Ora,1972,0,54.0,36.0,19.3,51.0,19.162589660781663,1
252,525,(nameless),1972,0,90.0,36.0,10.1,,,0
253,524,Susan,1972,0,216.0,72.0,10.5,219.0,10.844447477875732,1
254,523,Rita,1972,0,24.0,18.0,11.8,,,1
255,523,Rita,1972,0,24.0,6.0,28.1,,,1
256,523,Rita,1972,0,96.0,30.0,27.3,99.0,25.806056608508733,1
257,527,Tess,1972,0,18.0,12.0,22.2,24.0,22.385493668027785,1
258,530,Winnie,1972,0,84.0,72.0,14.7,75.0,14.510993929172253,1
259,532,Betty,1972,0,96.0,72.0,14.3,99.0,14.534844284747706,1
260,533,Cora,1972,0,126.0,36.0,13.3,123.0,12.08335080655112,1
261,535,Elsie,1972,0,96.0,72.0,11.7,75.0,9.65820754904631,1
262,537,Flossie,1972,0,102.0,66.0,9.3,99.0,8.28734363860372,1
263,543,Lorna,1972,0,60.0,36.0,23.7,51.0,21.835610049536797,1
264,547,Pamela,1972,0,72.0,18.0,45.7,51.0,28.735915475464196,1
265,550,Therese,1972,0,18.0,6.0,16.8,,,1
266,552,Wilda,1973,0,120.0,72.0,15.4,123.0,15.71301713178902,1
267,553,Anita,1973,0,48.0,36.0,21.6,51.0,21.576651173965097,1
268,555,Dot,1973,0,144.0,42.0,18.0,123.0,17.3751178987794,1
269,555,Dot,1973,0,18.0,0.0,34.7,,,1
270,554,Billie,1973,0,96.0,12.0,23.0,99.0,23.520183750747485,1
271,559,Georgia,1973,0,216.0,66.0,9.4,219.0,10.565094267206566,1
272,560,Iris,1973,0,24.0,24.0,23.1,,,1
273,560,Iris,1973,0,36.0,12.0,51.4,27.0,40.870944213139694,1
274,563,Joan,1973,0,72.0,30.0,27.7,75.0,29.087224016985164,1
275,564,Joan(-)1,1973,0,42.0,42.0,8.4,0.0,55.07443467853387,1
276,565,Kate,1973,1,120.0,66.0,19.8,123.0,17.19495012555665,1
277,566,(nameless),1973,0,60.0,30.0,9.4,,,0
278,567,(nameless),1973,0,144.0,126.0,8.8,,,0
279,568,Louise,1973,0,96.0,42.0,16.3,99.0,15.805451220036309,1
280,569,Marge,1973,0,54.0,48.0,21.1,51.0,21.527832192423883,1
281,570,(nameless),1973,0,60.0,48.0,8.2,,,0
282,572,Opal,1973,0,48.0,24.0,11.1,27.0,11.750613661102307,1
283,571,Nora,1973,0,36.0,24.0,19.1,27.0,15.329806314164244,1
284,573,Patsy,1973,0,60.0,48.0,17.6,51.0,16.036690618728343,1
285,574,Ruth,1973,0,72.0,36.0,15.7,75.0,15.99796787364608,1
286,578,Vera,1973,0,36.0,36.0,9.7,27.0,8.27349047250502,1
287,586,(nameless),1974,0,60.0,60.0,9.6,,,0
288,587,Dinah,1974,0,84.0,48.0,18.2,75.0,18.95783827660212,1
289,590,Gilda,1974,0,36.0,18.0,21.5,27.0,18.88426652785602,1
290,590,Gilda,1974,0,6.0,6.0,34.8,,,1
291,593,Jean,1974,0,60.0,18.0,24.5,51.0,23.530144054019708,1
292,594,Ivy,1974,0,66.0,48.0,18.6,51.0,19.180459803743545,1
293,598,Lucy,1974,0,102.0,36.0,16.6,99.0,16.393553612022835,1
294,603,(nameless),1974,0,96.0,78.0,15.0,,,0
295,599,Mary,1974,0,60.0,48.0,14.0,66.0,15.311261093816574,1
296,600,Mary(-)1,1974,0,24.0,24.0,4.7,27.0,5.720501340468385,1
297,601,Mary(-)2,1974,0,78.0,66.0,10.3,75.0,9.529133349389948,1
298,607,Rose,1974,0,48.0,30.0,19.1,27.0,9.957421511635497,1
299,608,(nameless),1974,0,102.0,54.0,27.9,,,0
300,606,Polly,1974,0,60.0,36.0,21.2,48.0,20.13615322721249,1
301,609,Shirley,1974,0,24.0,6.0,18.8,,,1
302,610,(nameless),1974,0,102.0,42.0,13.0,,,0
303,613,Wendy,1974,0,78.0,54.0,9.2,75.0,9.855784207725781,1
304,615,Bess,1974,0,36.0,36.0,24.7,27.0,28.913187730887152,1
305,616,Carmen,1974,0,78.0,60.0,12.8,75.0,12.25950752526446,1
306,617,Della,1974,0,54.0,42.0,20.5,51.0,21.913177343619044,1
307,618,Elaine,1974,0,54.0,42.0,9.9,51.0,11.53795896247155,1
308,619,Faye,1974,0,42.0,24.0,24.4,27.0,20.28089883524361,1
309,620,Gloria,1974,0,60.0,54.0,9.5,51.0,9.935660746475683,1
310,622,Irma,1974,0,72.0,36.0,15.3,75.0,15.453553846815586,1
311,625,Lola,1975,0,48.0,30.0,13.5,27.0,15.799390519361125,1
312,627,(nameless),1975,0,114.0,96.0,11.9,,,0
313,629,Mamie,1975,0,12.0,0.0,31.6,,,1
314,630,Nina,1975,0,138.0,84.0,17.6,144.0,17.06838825643173,1
315,631,(nameless),1975,0,48.0,24.0,18.9,,,0
316,632,(nameless),1975,0,30.0,24.0,14.8,,,0
317,634,(nameless),1975,0,150.0,84.0,12.8,,,0
318,633,Ora,1975,1,150.0,114.0,13.9,147.0,14.082392450195035,1
319,635,(nameless)(-)1,1975,0,30.0,30.0,14.5,27.0,18.942472549210493,1
320,637,Rita,1975,0,36.0,12.0,19.3,27.0,23.319039257160654,1
321,636,Phyllis,1975,0,18.0,18.0,17.7,,,1
322,638,(nameless),1975,0,78.0,30.0,23.6,,,0
323,640,(nameless),1975,0,114.0,78.0,12.2,,,0
324,643,(nameless),1975,0,66.0,42.0,15.2,,,0
325,645,Alice,1975,0,42.0,36.0,26.1,27.0,25.52008570389563,1
326,646,Betty,1975,0,60.0,48.0,17.4,51.0,18.611280479513912,1
327,648,Doris,1975,0,108.0,24.0,30.2,99.0,21.920191351027484,1
328,649,Elsie,1975,0,42.0,42.0,17.5,27.0,17.88890013527363,1
329,650,Flossie,1975,0,42.0,36.0,17.7,27.0,17.716066548231648,1
330,652,Helen,1975,0,12.0,6.0,31.9,,,1
331,662,Olga,1976,0,24.0,6.0,34.7,,,1
332,665,(nameless),1976,0,54.0,48.0,13.2,,,0
333,666,Ruby,1976,0,96.0,54.0,10.2,75.0,8.719276683567957,1
334,669,Violet,1976,0,144.0,102.0,12.0,147.0,12.757852541537334,1
335,671,Wilda,1976,0,0.0,0.0,39.4,,,1
336,670,Anita,1976,0,6.0,0.0,33.4,9.0,26.96192292344886,1
337,674,Clara,1976,0,108.0,102.0,10.7,99.0,10.291678208952787,1
338,672,Billie,1976,0,72.0,42.0,21.5,75.0,24.06304917296863,1
339,673,Billie(-)1,1976,0,36.0,36.0,17.5,39.0,17.599359455218256,1
340,675,Dot,1976,0,72.0,42.0,24.1,51.0,20.72713240037635,1
341,676,Ellen,1976,0,48.0,30.0,20.8,51.0,19.639896408473,1
342,680,Iris,1976,0,6.0,6.0,25.7,,,1
343,680,Iris,1976,1,342.0,282.0,8.0,339.0,7.53714727715547,1
344,677,Fran,1976,0,24.0,18.0,15.6,,,1
345,684,Marge,1976,0,18.0,6.0,30.9,,,1
346,690,Ruth,1977,0,72.0,30.0,25.0,51.0,20.34953322434301,1
347,691,(nameless),1977,0,54.0,18.0,20.6,,,0
348,692,(nameless)(-)1,1977,0,0.0,0.0,,,,0
349,693,Sarah,1977,0,84.0,42.0,27.7,75.0,20.291794790075233,1
350,694,Thelma,1977,0,78.0,48.0,17.5,75.0,18.604255366312206,1
351,695,Vera,1977,0,102.0,42.0,18.9,99.0,19.054064820785772,1
352,699,Amy,1977,0,90.0,24.0,23.0,75.0,20.652840220371026,1
353,700,Amy(-)1,1977,0,18.0,12.0,30.6,0.0,16.959477422852675,1
354,701,Amy(-)2,1977,0,18.0,18.0,8.9,0.0,21.13825688787487,1
355,702,Amy(-)3,1977,0,6.0,6.0,36.4,,,0
356,705,Carla,1977,0,48.0,42.0,25.4,27.0,19.717806828998878,1
357,705,Carla,1977,0,18.0,12.0,19.9,27.0,22.430762262765235,1
358,706,Babe,1977,0,42.0,36.0,18.6,27.0,17.33040982743585,1
359,707,Dinah,1977,0,48.0,30.0,7.8,27.0,9.148349072153763,1
360,707,Dinah,1977,0,24.0,18.0,15.6,,,1
361,707,Dinah,1977,0,24.0,12.0,18.9,,,1
362,707,Dinah,1977,0,48.0,18.0,12.6,51.0,12.863423781922137,1
363,709,Freda,1977,0,30.0,18.0,27.5,27.0,30.327052131886806,1
364,720,Olive,1978,0,48.0,24.0,30.9,27.0,24.96916505032507,1
365,721,Polly,1978,0,48.0,24.0,15.7,27.0,7.256970237721612,1
366,722,Rose,1978,0,18.0,0.0,22.5,,,1
367,723,(nameless),1978,0,72.0,42.0,24.3,,,0
368,724,Shirley,1978,0,12.0,6.0,25.1,,,1
369,724,Shirley,1978,0,0.0,0.0,,,,1
370,726,Trix,1978,0,84.0,48.0,24.1,72.0,25.475626344577133,1
371,729,Agnes,1978,1,192.0,156.0,11.3,195.0,10.54767801541021,1
372,727,Wendy,1978,0,114.0,72.0,9.4,96.0,8.596307679922909,1
373,730,(nameless),1978,0,12.0,0.0,31.7,,,0
374,731,Bess,1978,0,96.0,72.0,15.0,33.0,11.947867968745594,1
375,731,Bess,1978,0,0.0,0.0,,,,1
376,733,Della,1978,0,42.0,18.0,25.0,27.0,21.231214690950438,1
377,732,Carmen,1978,0,120.0,90.0,14.1,99.0,9.989047969626467,1
378,734,(nameless),1978,0,18.0,6.0,17.8,,,0
379,736,Elaine,1978,0,60.0,36.0,26.9,51.0,23.677747258516554,1
380,738,Gloria,1978,0,30.0,12.0,14.9,27.0,15.221554623939072,1
381,740,(nameless),1978,0,126.0,114.0,8.9,,,0
382,742,Irma,1978,0,120.0,54.0,16.6,99.0,12.347876046869914,1
383,743,(nameless),1978,0,72.0,48.0,20.9,,,0
384,744,Kit,1978,0,84.0,54.0,16.8,75.0,15.1902784140893,1
385,745,Lola,1978,1,120.0,72.0,11.6,123.0,11.536597952548258,1
386,749,Ora,1978,0,24.0,18.0,33.0,,,1
387,747,Nina,1978,0,48.0,36.0,11.1,51.0,12.27542038414965,1
388,763,(nameless),1979,0,18.0,6.0,13.0,,,0
389,763,(nameless),1979,0,18.0,6.0,14.0,,,0
390,764,(nameless),1979,0,84.0,30.0,21.3,,,0
391,765,(nameless),1979,0,150.0,132.0,6.0,,,0
392,766,Ellis,1979,0,72.0,24.0,21.9,75.0,21.780045078418198,1
393,768,(nameless),1979,0,30.0,18.0,20.5,,,0
394,770,Gordon,1979,0,60.0,36.0,22.0,51.0,19.12677509579925,1
395,769,Hope,1979,0,60.0,24.0,33.8,51.0,33.61352741024713,1
396,772,(nameless),1979,0,168.0,108.0,13.4,,,0
397,771,(nameless),1979,0,18.0,0.0,17.6,,,0
398,774,Irving,1979,0,120.0,18.0,27.8,99.0,24.921855066419745,1
399,776,Judy,1979,0,78.0,54.0,18.1,75.0,15.293001736757077,1
400,782,Nancy,1979,1,132.0,132.0,7.6,147.0,9.806070362637476,1
401,781,Mac,1979,0,102.0,84.0,10.1,99.0,10.000022590869571,1
402,800,Georgia,1980,0,66.0,36.0,18.7,51.0,17.316555737258742,1
403,799,Forrest,1980,0,24.0,6.0,18.9,,,1
404,801,Herbert,1980,0,96.0,66.0,16.7,99.0,16.76832559636837,1
405,802,(nameless),1980,0,18.0,0.0,17.4,,,0
406,803,Ida,1980,0,96.0,48.0,25.8,75.0,18.73345134678454,1
407,804,(nameless),1980,0,24.0,6.0,23.2,,,0
408,804,(nameless),1980,0,48.0,30.0,27.0,,,0
409,805,Joe,1980,0,60.0,36.0,32.1,51.0,31.39950140838227,1
410,806,Kim,1980,0,42.0,24.0,19.9,27.0,15.77275793096225,1
411,809,(nameless),1980,0,72.0,48.0,19.9,,,0
412,810,Norris,1980,0,66.0,48.0,18.1,51.0,20.072522895415787,1
413,811,(nameless),1980,0,78.0,42.0,19.6,,,0
414,814,(nameless),1980,0,30.0,24.0,23.2,,,0
415,816,Ruth,1980,0,72.0,42.0,10.9,51.0,10.94436446938448,1
416,816,Ruth,1980,0,84.0,66.0,15.9,75.0,13.839178592036427,1
417,815,Orchid,1980,0,12.0,6.0,55.2,12.0,68.32335688309755,1
418,817,Percy,1980,0,36.0,30.0,22.6,27.0,21.216231246963048,1
419,821,Wynne,1980,0,12.0,6.0,31.5,,,1
420,832,Ike,1981,0,192.0,36.0,16.9,171.0,16.632435201440508,1
421,833,June,1981,0,54.0,42.0,24.1,51.0,21.115974974844804,1
422,834,Kelly,1981,0,84.0,48.0,19.8,75.0,19.800667037392074,1
423,835,Lynn,1981,0,72.0,42.0,21.4,75.0,21.09941987675799,1
424,836,Maury,1981,1,144.0,108.0,19.1,147.0,17.774110328137265,1
425,837,(nameless),1981,0,168.0,96.0,12.7,,,0
426,839,Ogden,1981,0,30.0,12.0,23.9,15.0,23.11139855122937,1
427,841,Roy,1981,0,24.0,6.0,11.7,,,1
428,841,Roy,1981,0,48.0,18.0,11.5,27.0,13.647687688056884,1
429,841,Roy,1981,0,60.0,36.0,20.6,51.0,18.17414118326385,1
430,840,Phyllis,1981,0,12.0,12.0,32.6,,,1
431,845,Warren,1981,0,108.0,78.0,11.3,99.0,10.106280527961562,1
432,847,Agnes,1981,0,102.0,60.0,19.7,99.0,13.040990371436854,1
433,849,Clara,1981,0,36.0,30.0,18.5,27.0,19.756584395333036,1
434,851,(nameless),1981,0,24.0,12.0,24.1,,,0
435,853,(nameless),1981,0,84.0,78.0,13.3,,,0
436,857,Hazen,1981,0,30.0,30.0,16.5,27.0,18.782833713566276,1
437,858,Irma,1981,0,24.0,6.0,24.8,,,1
438,862,Lee,1981,0,6.0,6.0,0.0,,,1
439,868,Tess,1982,0,156.0,120.0,13.1,171.0,11.640806059157837,1
440,870,Val,1982,0,18.0,6.0,39.4,,,1
441,871,Winona,1982,0,48.0,30.0,25.6,51.0,25.412760538924537,1
442,872,Andy,1982,0,36.0,12.0,19.9,27.0,19.71334502524242,1
443,873,Andy(-)1,1982,0,90.0,60.0,14.5,0.0,18.416410813137958,1
444,875,Cecil,1982,0,192.0,72.0,15.9,171.0,13.714672426964253,1
445,876,Dot,1982,0,60.0,30.0,19.4,51.0,19.982907591623864,1
446,877,Ellis,1982,0,60.0,42.0,33.2,39.0,32.82847575969354,1
447,878,Faye,1982,0,24.0,6.0,19.4,,,1
448,878,Faye,1982,0,12.0,0.0,30.7,,,1
449,880,Hope,1982,0,48.0,30.0,22.1,51.0,22.101119065156514,1
450,882,Irving,1982,0,96.0,60.0,10.2,99.0,10.525014246429816,1
451,887,Nancy,1982,0,72.0,60.0,19.0,51.0,19.901600115665257,1
452,893,Sarah,1983,0,30.0,24.0,23.6,27.0,18.696630746010825,1
453,894,Tip,1983,0,48.0,42.0,14.8,51.0,15.027750187748968,1
454,895,Vera,1983,0,66.0,36.0,28.0,51.0,23.13388782286732,1
455,896,Wayne,1983,0,48.0,18.0,27.8,51.0,28.977806269658952,1
456,898,Carmen,1983,0,48.0,12.0,13.8,27.0,6.991663845860716,1
457,901,Ellen,1983,0,60.0,36.0,15.7,51.0,16.161832395540678,1
458,902,Forrest,1983,0,48.0,36.0,20.7,27.0,14.94803230969588,1
459,903,Georgia,1983,0,84.0,54.0,17.4,75.0,16.718444538251386,1
460,904,(nameless),1983,0,42.0,30.0,23.0,,,0
461,905,Herbert,1983,0,36.0,18.0,14.0,21.0,14.506196851305027,1
462,907,Joe,1983,0,48.0,24.0,16.5,51.0,18.024093808825935,1
463,909,Lex,1983,0,84.0,72.0,13.2,75.0,10.464369410625979,1
464,910,(nameless),1983,0,0.0,0.0,,,,0
465,920,Vernon,1984,0,48.0,30.0,20.1,27.0,15.82308871777817,1
466,921,Wynne,1984,0,84.0,36.0,24.5,75.0,24.217572309985815,1
467,922,Alex,1984,0,6.0,0.0,29.8,,,1
468,923,Alex(-)1,1984,0,54.0,30.0,27.9,51.0,30.535024407030914,1
469,924,Betty,1984,0,60.0,30.0,16.0,51.0,15.758776300797283,1
470,927,Ed,1984,0,90.0,78.0,15.1,96.0,14.916955951642478,1
471,928,Freda,1984,0,114.0,18.0,38.5,99.0,31.690227977286035,1
472,929,(nameless),1984,0,48.0,36.0,19.0,,,0
473,930,(nameless),1984,0,12.0,6.0,13.1,,,0
474,932,Gerald,1984,0,162.0,96.0,11.5,147.0,10.056647649092307,1
475,933,Holly,1984,0,48.0,24.0,17.6,27.0,15.95939105057624,1
476,935,(nameless),1984,0,72.0,42.0,21.9,,,0
477,937,June,1984,0,66.0,30.0,17.2,51.0,17.300183869059573,1
478,936,Ike,1984,0,60.0,36.0,22.5,51.0,22.84267685066817,1
479,939,Lynn,1984,0,84.0,42.0,15.5,75.0,12.138029659728266,1
480,949,Warren,1984,0,24.0,6.0,20.2,,,1
481,951,Agnes,1984,0,12.0,12.0,33.2,,,1
482,959,(nameless),1985,0,138.0,138.0,9.9,,,0
483,960,(nameless),1985,0,48.0,18.0,17.8,,,0
484,961,Hal,1985,1,144.0,84.0,17.4,147.0,17.025273782002746,1
485,963,(nameless),1985,0,96.0,84.0,13.2,,,0
486,964,(nameless),1985,0,42.0,12.0,19.3,,,0
487,965,Jeff,1985,0,132.0,24.0,27.3,123.0,23.322417082656365,1
488,967,(nameless),1985,0,174.0,156.0,9.5,,,0
489,966,Kit,1985,0,24.0,12.0,12.5,,,1
490,966,Kit,1985,0,12.0,0.0,32.1,,,1
491,968,Lee,1985,0,90.0,18.0,32.3,75.0,36.455390781978146,1
492,969,Mamie,1985,0,144.0,12.0,23.0,147.0,21.597340497576226,1
493,971,(nameless),1985,1,294.0,252.0,10.1,,,0
494,970,Nelson,1985,0,90.0,60.0,15.9,75.0,16.29152954603327,1
495,973,Pat,1985,0,54.0,18.0,17.3,51.0,10.52550860993759,1
496,972,Odessa,1985,0,36.0,24.0,24.5,27.0,15.582069785194427,1
497,977,(nameless),1985,0,84.0,18.0,35.2,,,0
498,976,Tess,1985,0,108.0,66.0,16.9,99.0,17.146350498043297,1
499,978,Val,1985,0,18.0,6.0,20.7,,,1
500,979,Winona,1985,0,108.0,66.0,14.5,99.0,11.979879421454395,1
501,980,Andy,1985,0,120.0,84.0,10.8,99.0,11.31328268471653,1
502,981,Brendan,1985,0,54.0,18.0,33.0,51.0,32.26528169009298,1
503,981,Brendan,1985,0,24.0,18.0,26.7,24.0,25.534428462007185,1
504,983,Cecil,1985,0,66.0,30.0,22.8,51.0,20.504076336415352,1
505,984,Dot,1985,0,48.0,36.0,27.8,51.0,27.5405701655608,1
506,993,Mac,1986,1,210.0,132.0,10.3,189.0,10.007505912842586,1
507,993,Mac,1986,0,48.0,36.0,9.8,27.0,13.453496849347308,1
508,995,Nancy,1986,0,48.0,18.0,40.3,27.0,27.348055154904934,1
509,996,(nameless),1986,0,54.0,42.0,17.2,,,0
510,998,Peggy,1986,0,90.0,60.0,20.1,75.0,17.976997707950666,1
511,1000,(nameless),1986,0,114.0,90.0,11.3,,,0
512,1001,(nameless),1986,0,24.0,6.0,21.1,,,0
513,1005,(nameless),1986,0,42.0,30.0,17.1,,,0
514,1006,(nameless)(-)1,1986,0,36.0,30.0,20.5,0.0,8.94880720946512,1
515,1009,Wayne,1986,0,96.0,42.0,18.2,75.0,17.872554957959252,1
516,1009,Wayne,1986,0,24.0,24.0,20.6,,,1
517,1009,Wayne,1986,0,48.0,12.0,15.2,27.0,17.752659704339308,1
518,1009,Wayne,1986,0,72.0,24.0,4.8,51.0,5.339912886617716,1
519,1009,Wayne,1986,0,60.0,36.0,27.4,51.0,26.352971219380862,1
520,1008,Vera,1986,0,126.0,30.0,25.1,123.0,25.584585433316153,1
521,1011,Abby,1986,0,42.0,30.0,35.6,27.0,16.088093910554026,1
522,1014,Dom,1986,0,60.0,42.0,15.5,51.0,15.283211729266512,1
523,1015,Ellen,1986,0,24.0,6.0,6.5,,,1
524,1015,Ellen,1986,0,84.0,60.0,10.5,75.0,9.550997811704978,1
525,1017,Georgia,1986,0,36.0,24.0,21.4,27.0,22.06547451215873,1
526,1018,Herbert,1986,0,24.0,6.0,11.5,27.0,10.708276717957634,1
527,1019,Ida,1986,0,48.0,18.0,18.7,27.0,14.462980296166783,1
528,1028,Ruth,1987,0,72.0,36.0,16.5,75.0,15.964851323457268,1
529,1029,(nameless),1987,0,42.0,24.0,9.7,,,0
530,1031,Thelma,1987,0,36.0,24.0,37.9,27.0,24.09252401005159,1
531,1031,Thelma,1987,0,24.0,18.0,32.6,27.0,31.167375235887025,1
532,1032,Vernon,1987,0,48.0,18.0,22.4,51.0,22.972909676863928,1
533,1034,Alex,1987,0,96.0,42.0,24.5,99.0,23.10584967573125,1
534,1035,Betty,1987,0,78.0,48.0,24.4,75.0,20.06635268674852,1
535,1037,Cary,1987,0,72.0,36.0,17.5,75.0,17.20276200123438,1
536,1039,Dinah,1987,0,18.0,12.0,48.4,,,1
537,1039,Dinah,1987,0,12.0,6.0,52.9,,,1
538,1041,(nameless),1987,0,42.0,30.0,15.1,,,0
539,1040,Gerald,1987,0,48.0,24.0,17.5,51.0,17.66005594670497,1
540,1048,Lynn,1987,0,78.0,30.0,9.2,75.0,8.707427264794982,1
541,1050,Nina,1987,0,54.0,30.0,19.4,51.0,18.160384302923383,1
542,1054,Susan,1988,0,72.0,30.0,21.4,51.0,12.729490831004282,1
543,1055,(nameless),1988,0,30.0,12.0,22.4,,,0
544,1057,Vanessa,1988,0,12.0,12.0,24.9,,,1
545,1058,(nameless),1988,0,24.0,18.0,7.3,,,0
546,1058,(nameless),1988,0,6.0,6.0,11.7,,,0
547,1059,Warren,1988,0,48.0,24.0,24.7,51.0,23.884569023166314,1
548,1062,(nameless),1988,0,78.0,60.0,13.5,,,0
549,1063,Bill,1988,0,60.0,42.0,23.7,51.0,25.591883976308846,1
550,1075,Kit,1988,0,54.0,18.0,15.0,51.0,15.385629891141827,1
551,1076,Mamie,1988,0,54.0,24.0,17.6,51.0,19.006691887670726,1
552,1078,(nameless),1988,0,102.0,78.0,10.7,,,0
553,1080,(nameless),1988,0,6.0,0.0,14.3,,,0
554,1082,(nameless),1988,0,30.0,12.0,19.5,,,0
555,1083,Pat,1988,0,54.0,24.0,28.9,51.0,27.290711031515766,1
556,1084,Ruby,1988,0,54.0,48.0,12.8,51.0,13.15453751217844,1
557,1086,Skip,1988,0,60.0,42.0,8.3,51.0,7.1873594277362525,1
558,1091,Brenda,1989,0,60.0,42.0,15.9,51.0,17.10764650469219,1
559,1092,Cecil,1989,0,72.0,60.0,13.1,75.0,12.844563884768808,1
560,1093,Dot,1989,0,90.0,54.0,15.2,75.0,16.331409130004193,1
561,1094,Ellis,1989,0,18.0,6.0,23.6,,,1
562,1095,(nameless),1989,0,48.0,30.0,16.1,,,0
563,1096,Faye,1989,0,36.0,30.0,23.0,27.0,22.416893543708113,1
564,1097,Gordon,1989,0,54.0,36.0,22.0,51.0,21.416866595651943,1
565,1098,Hope,1989,0,120.0,90.0,9.9,123.0,10.011788107676162,1
566,1099,Irving,1989,0,60.0,36.0,17.8,51.0,16.489154111902796,1
567,1100,Judy,1989,0,6.0,0.0,27.7,,,1
568,1102,(nameless),1989,0,36.0,18.0,14.8,,,0
569,1101,Ken,1989,0,96.0,66.0,15.6,99.0,14.61709426429184,1
570,1103,Mac,1989,0,6.0,0.0,20.5,,,1
571,1104,(nameless),1989,0,78.0,36.0,20.0,,,0
572,1108,(nameless),1989,0,102.0,78.0,10.3,,,0
573,1109,(nameless),1989,0,12.0,6.0,14.1,,,0
574,1111,Roger,1989,0,72.0,48.0,14.9,51.0,6.976009411871457,1
575,1113,Sarah,1989,0,24.0,12.0,17.4,27.0,13.493890269472637,1
576,1114,Sarah(-)1,1989,0,66.0,54.0,13.1,75.0,11.916046879781478,1
577,1116,Vera,1989,0,66.0,36.0,40.2,51.0,31.141235322245826,1
578,1117,Wayne,1989,0,48.0,18.0,22.0,27.0,15.477031180290144,1
579,1119,Brian,1989,0,108.0,60.0,16.1,99.0,13.295668960207784,1
580,1118,Angela,1989,0,66.0,60.0,16.9,51.0,16.50891931053113,1
581,1121,Dan,1989,0,48.0,42.0,24.6,51.0,23.90377340586798,1
582,1122,Elsie,1989,0,30.0,30.0,23.6,27.0,24.22249940565688,1
583,1130,Marian,1990,0,72.0,24.0,28.9,51.0,26.251746306387474,1
584,1130,Marian,1990,0,12.0,6.0,32.4,,,1
585,1132,(nameless),1990,1,120.0,114.0,8.5,,,0
586,1133,Nathan,1990,0,96.0,42.0,20.1,99.0,19.00218067479946,1
587,1134,(nameless),1990,0,18.0,12.0,9.0,,,0
588,1135,Ofelia,1990,0,72.0,36.0,30.3,75.0,28.037644838522635,1
589,1136,Percy,1990,0,54.0,42.0,14.8,51.0,14.083322242731061,1
590,1137,Robyn,1990,0,60.0,24.0,27.2,51.0,23.724406644274918,1
591,1137,Robyn,1990,0,36.0,24.0,16.2,36.0,14.689481096599462,1
592,1138,(nameless),1990,0,78.0,30.0,22.2,,,0
593,1142,Tasha,1990,0,90.0,36.0,11.8,75.0,11.297690606642055,1
594,1144,Winona,1990,0,18.0,6.0,18.6,27.0,12.422370669301198,1
595,1145,Yancy,1990,1,126.0,96.0,13.4,123.0,11.100322517115199,1
596,1147,Zola,1990,0,6.0,6.0,56.5,,,1
597,1148,Becky,1990,0,72.0,42.0,22.6,51.0,22.385765634084883,1
598,1148,Becky,1990,0,6.0,6.0,15.9,,,1
599,1149,Abe,1990,0,90.0,48.0,24.8,75.0,22.635383372130494,1
600,1150,Cecil,1990,0,60.0,36.0,14.8,69.0,15.22853572162566,1
601,1151,Dot,1990,0,18.0,6.0,22.2,,,1
602,1152,Dot(-)1,1990,0,66.0,66.0,14.8,75.0,18.107535562056054,1
603,1153,Dot(-)2,1990,0,36.0,36.0,16.2,0.0,23.093639957317663,1
604,1154,Ed,1990,0,102.0,66.0,12.5,99.0,12.416901112398726,1
605,1156,Gene,1990,0,24.0,12.0,11.8,,,1
606,1158,Ira,1990,0,12.0,6.0,29.3,,,1
607,1161,Lola,1990,0,24.0,6.0,16.4,,,1
608,1162,Mike,1990,0,78.0,42.0,13.1,75.0,13.57021691360598,1
609,1169,Vanessa,1991,0,18.0,12.0,25.7,,,1
610,1171,Yunya,1991,0,30.0,0.0,15.7,27.0,17.203290659840057,1
611,1173,Zeke,1991,0,72.0,48.0,18.1,75.0,17.86645977050117,1
612,1174,Amy,1991,0,54.0,24.0,30.4,51.0,28.95691594544035,1
613,1175,Brendan,1991,0,60.0,48.0,26.8,51.0,22.002775335020523,1
614,1176,Brendan(-)1,1991,0,72.0,72.0,9.6,0.0,16.294675908284393,1
615,1177,Caitlin,1991,0,12.0,6.0,40.9,,,1
616,1180,Fred,1991,0,90.0,54.0,16.9,75.0,16.562206407975882,1
617,1179,Ellie,1991,0,54.0,42.0,12.5,51.0,13.170315625582354,1
618,1181,Gladys,1991,0,30.0,18.0,20.1,18.0,19.401563974183592,1
619,1185,Joel,1991,0,96.0,48.0,11.0,99.0,10.589855760945088,1
620,1189,Nat,1991,0,48.0,30.0,8.4,27.0,5.166270288547464,1
621,1189,Nat,1991,0,96.0,48.0,12.9,75.0,12.789635785369072,1
622,1189,Nat,1991,0,66.0,54.0,17.0,51.0,15.719489058266912,1
623,1187,Mireille,1991,0,24.0,6.0,26.3,,,1
624,1196,Wilda,1991,0,0.0,0.0,,,,1
625,1202,Chuck,1992,0,132.0,84.0,11.9,123.0,11.058609621358237,1
626,1204,Eli,1992,0,48.0,24.0,24.9,51.0,24.85699431705978,1
627,1205,Faye,1992,0,54.0,48.0,14.9,51.0,14.08092162213834,1
628,1206,Gary,1992,0,66.0,42.0,21.5,51.0,20.038197513028212,1
629,1208,Irving,1992,0,6.0,6.0,21.6,,,1
630,1212,Mark,1992,0,102.0,84.0,9.6,99.0,6.912145780637633,1
631,1215,Polly,1992,0,66.0,36.0,12.7,51.0,11.304295286730406,1
632,1216,Polly(-)1,1992,0,42.0,30.0,33.0,0.0,21.003851112669345,1
633,1214,Omar,1992,0,114.0,72.0,16.3,99.0,16.701244760059925,1
634,1220,(nameless),1992,0,48.0,30.0,22.4,,,0
635,1219,Ted,1992,0,96.0,42.0,31.4,75.0,23.19737388955744,1
636,1227,Colleen,1992,0,18.0,12.0,17.5,,,1
637,1235,Koryn,1993,0,60.0,30.0,26.4,51.0,27.975421588536516,1
638,1237,Lewis,1993,0,60.0,54.0,18.9,51.0,18.125689879761858,1
639,1240,Ofelia,1993,0,18.0,12.0,9.6,,,1
640,1241,Percy,1993,0,24.0,12.0,26.5,21.0,29.89091374232876,1
641,1242,Robyn,1993,0,12.0,12.0,32.0,12.0,35.28960830277859,1
642,1243,Steve,1993,0,0.0,0.0,,,,1
643,1244,Tasha,1993,0,102.0,54.0,17.8,99.0,16.922064386557974,1
644,1247,Winona,1993,0,60.0,54.0,18.0,51.0,16.226759868245004,1
645,1248,Yancy,1993,0,6.0,6.0,6.9,,,1
646,1250,Abe,1993,0,66.0,60.0,12.3,51.0,10.509867415440013,1
647,1251,Becky,1993,0,54.0,30.0,27.1,51.0,27.589577455321436,1
648,1252,Dot,1993,1,144.0,66.0,7.8,147.0,8.206159423137242,1
649,1257,(nameless),1993,0,42.0,36.0,15.6,,,0
650,1259,Ira,1993,0,48.0,36.0,16.0,51.0,15.037736265408068,1
651,1267,Russ,1994,1,150.0,78.0,10.2,147.0,9.945550604877452,1
652,1268,Russ(-)1,1994,0,54.0,30.0,35.5,51.0,34.829432506315484,1
653,1269,Sharon,1994,0,36.0,18.0,31.8,27.0,21.137097840568288,1
654,1270,(nameless),1994,0,84.0,60.0,16.9,,,0
655,1271,Tim,1994,0,84.0,18.0,35.6,75.0,34.49847639995372,1
656,1272,Vanessa,1994,0,12.0,0.0,31.3,,,1
657,1276,(nameless),1994,0,96.0,90.0,7.0,,,0
658,1278,Amy,1994,0,120.0,120.0,9.7,123.0,10.10635712716094,1
659,1279,Brendan,1994,0,24.0,12.0,35.6,,,1
660,1279,Brendan,1994,0,24.0,12.0,38.3,,,1
661,1280,Caitlin,1994,0,60.0,42.0,21.5,51.0,23.738585783160225,1
662,1281,Doug,1994,0,96.0,48.0,17.0,75.0,19.222769584975335,1
663,1281,Doug,1994,0,24.0,6.0,6.5,,,1
664,1281,Doug,1994,0,24.0,12.0,20.6,27.0,20.933208914917984,1
665,1282,Ellie,1994,0,84.0,18.0,30.9,90.0,30.751949302203176,1
666,1284,Fred,1994,0,120.0,66.0,21.9,123.0,21.76064394878363,1
667,1286,Harry,1994,0,78.0,60.0,18.9,75.0,16.21730509462819,1
668,1285,Gladys,1994,0,60.0,42.0,24.4,51.0,26.289972290449803,1
669,1289,Joel,1994,0,120.0,42.0,13.6,123.0,12.678064407635244,1
670,1291,Luke,1994,0,72.0,48.0,21.1,75.0,21.252364707435436,1
671,1297,Seth,1994,0,66.0,42.0,25.9,51.0,18.390613749556387,1
672,1297,Seth,1994,0,18.0,12.0,58.2,,,1
673,1297,Seth,1994,0,6.0,6.0,38.4,,,1
674,1303,Axel,1994,0,42.0,24.0,8.5,27.0,8.225085787767561,1
675,1306,Deanna,1995,0,24.0,18.0,2.3,,,1
676,1306,Deanna,1995,0,60.0,12.0,31.4,51.0,23.994123099626147,1
677,1307,Faye,1995,0,24.0,12.0,26.1,,,1
678,1307,Faye,1995,0,30.0,12.0,40.4,9.0,35.02335321168337,1
679,1308,Gary,1995,0,96.0,36.0,16.5,99.0,16.894188822978307,1
680,1309,Helen,1995,0,72.0,42.0,17.4,75.0,16.43316950386431,1
681,1310,Irving,1995,0,78.0,48.0,11.9,75.0,10.929892537803275,1
682,1311,Janis,1995,0,108.0,48.0,28.8,99.0,24.502776486430747,1
683,1312,Lois,1995,0,96.0,78.0,12.7,99.0,12.074701183566448,1
684,1313,Kent,1995,0,48.0,18.0,28.1,51.0,28.823586001257596,1
685,1315,Nina,1995,0,42.0,30.0,25.0,27.0,20.7728271647544,1
686,1318,Ryan,1995,0,120.0,30.0,18.4,99.0,14.826613731702462,1
687,1319,Sibyl,1995,0,48.0,30.0,18.4,51.0,18.546846481152635,1
688,1320,Ted,1995,1,126.0,42.0,15.3,123.0,14.073776970233997,1
689,1324,Zack,1995,0,18.0,6.0,22.9,,,1
690,1325,Angela,1995,0,48.0,36.0,14.1,51.0,13.47991940492051,1
691,1335,FRANKIE,1996,0,84.0,66.0,14.4,75.0,12.989837626611036,1
692,1336,GLORIA,1996,0,54.0,30.0,25.2,51.0,26.923260099366306,1
693,1337,HERB,1996,0,90.0,60.0,19.3,75.0,20.840257615353025,1
694,1340,LISA,1996,0,78.0,42.0,16.2,99.0,15.822518161895317,1
695,1341,(nameless),1996,0,90.0,90.0,8.0,,,0
696,1342,NIKI,1996,0,48.0,42.0,24.1,51.0,22.950557995053,1
697,1345,SALLY,1996,0,42.0,24.0,36.0,27.0,36.940338130767394,1
698,1346,(nameless),1996,0,60.0,42.0,21.2,,,0
699,1349,WILLIE,1996,1,150.0,150.0,8.8,147.0,8.853515250260655,1
700,1351,ZANE,1996,0,24.0,12.0,12.1,,,1
701,1352,BETH,1996,0,48.0,36.0,14.8,27.0,11.854932903465617,1
702,1352,BETH,1996,0,12.0,12.0,12.8,,,1
703,1353,ABEL,1996,0,24.0,6.0,12.9,,,1
704,1353,ABEL,1996,0,12.0,12.0,21.7,,,1
705,1355,(nameless),1996,0,6.0,6.0,29.1,,,0
706,1357,ERNIE,1996,0,48.0,30.0,7.7,27.0,4.748289825689224,1
707,1367,PEPER,1997,0,24.0,12.0,33.6,,,1
708,1371,VICTOR,1997,0,102.0,36.0,19.1,99.0,17.767113901438794,1
709,1370,TINA,1997,0,42.0,18.0,21.3,27.0,16.407491241917647,1
710,1370,TINA,1997,0,6.0,6.0,67.9,,,1
711,1372,WINNIE,1997,0,72.0,30.0,23.3,75.0,23.87793507825241,1
712,1373,WINNIE(-)1,1997,0,48.0,24.0,32.6,51.0,33.255779781923835,1
713,1375,ZITA,1997,0,78.0,42.0,18.2,75.0,18.095022095993208,1
714,1378,CASS,1997,0,42.0,18.0,6.7,27.0,7.234580436378865,1
715,1378,CASS,1997,0,36.0,12.0,29.6,27.0,29.858721332728937,1
716,1376,AMBER,1997,0,54.0,30.0,23.8,51.0,21.805954823866358,1
717,1381,FRITZ,1997,0,90.0,90.0,5.1,75.0,5.328683906046476,1
718,1389,NICHOLE,1998,0,72.0,66.0,10.8,75.0,7.74983812227011,1
719,1390,(nameless),1998,0,24.0,6.0,18.8,,,0
720,1391,OTTO,1998,0,30.0,24.0,19.5,27.0,22.4669677655136,1
721,1392,PENNY,1998,0,60.0,42.0,20.3,51.0,16.31664845118274,1
722,1393,(nameless),1998,0,48.0,30.0,17.8,,,0
723,1396,(nameless),1998,0,84.0,72.0,13.0,,,0
724,1398,TODD,1998,0,30.0,24.0,15.6,27.0,20.18845601660437,1
725,1401,YANNI,1998,0,66.0,18.0,26.3,51.0,25.49385022800132,1
726,1402,(nameless),1998,0,66.0,54.0,14.1,,,0
727,1403,ZEB,1998,0,48.0,18.0,28.3,27.0,22.761878019411885,1
728,1404,BABS,1998,0,66.0,42.0,13.1,51.0,11.045635314765619,1
729,1407,ELVIS,1998,0,0.0,0.0,,,,1
730,1412,LEO,1999,0,138.0,54.0,10.8,123.0,10.294470201143316,1
731,1413,MAGGIE,1999,0,66.0,54.0,20.9,51.0,20.722832911886766,1
732,1418,(nameless),1999,0,90.0,24.0,12.2,,,0
733,1417,NEIL,1999,0,30.0,18.0,16.2,21.0,17.531022495370927,1
734,1419,OLGA,1999,0,60.0,18.0,35.5,51.0,36.407604917107015,1
735,1421,RACHEL,1999,0,54.0,36.0,23.7,33.0,13.725469062675836,1
736,1421,RACHEL,1999,0,6.0,0.0,31.6,,,1
737,1420,PAUL,1999,0,48.0,24.0,18.0,45.0,18.70911037850039,1
738,1422,SAM,1999,0,120.0,72.0,22.5,99.0,18.392527220314353,1
739,1426,WENDY,1999,0,78.0,54.0,24.1,75.0,22.446018607250654,1
740,1427,YORK,1999,0,78.0,60.0,11.1,75.0,10.002693055008644,1
741,1429,ANN,1999,0,102.0,36.0,11.2,96.0,12.045132054384155,1
742,1431,CAM,1999,0,18.0,12.0,11.4,,,1
743,1431,CAM,1999,0,54.0,54.0,9.8,51.0,9.375104830614873,1
744,1432,DAN,1999,0,42.0,36.0,11.9,27.0,10.478454157747446,1
745,1433,EVE,1999,0,48.0,36.0,23.4,51.0,23.39950489522006,1
746,1441,(nameless),2000,0,42.0,18.0,20.4,,,0
747,1442,(nameless),2000,0,48.0,24.0,17.9,,,0
748,1444,Kai-tak,2000,0,48.0,18.0,7.3,27.0,7.144099551741115,1
749,1444,Kai-tak,2000,0,84.0,24.0,29.8,75.0,29.685533998368456,1
750,1445,(nameless),2000,0,120.0,90.0,19.0,,,0
751,1447,Bolaven,2000,0,0.0,0.0,47.4,,,1
752,1449,Jelawat,2000,0,60.0,36.0,15.0,51.0,14.37579686091183,1
753,1452,Kaemi,2000,0,36.0,24.0,21.6,27.0,15.531499152529795,1
754,1451,Bilis,2000,0,108.0,60.0,21.0,99.0,21.01839994001635,1
755,1453,Prapiroon,2000,0,84.0,18.0,30.8,75.0,29.71213395577918,1
756,1454,Maria,2000,0,102.0,42.0,12.9,99.0,12.231772046616628,1
757,1457,Wukong,2000,0,108.0,66.0,14.2,99.0,12.651909424370547,1
758,1455,Saomai,2000,0,66.0,54.0,18.3,51.0,8.526280734164805,1
759,1455,Saomai,2000,0,6.0,6.0,68.0,,,1
760,1460,(nameless),2000,0,30.0,0.0,10.5,,,0
761,1461,Yagi,2000,0,48.0,12.0,9.5,27.0,9.899396886564501,1
762,1462,Xangsane,2000,0,42.0,12.0,40.6,27.0,27.856676459418658,1
763,1463,Bebinca,2000,0,36.0,30.0,10.3,27.0,7.2363241025753595,1
764,1466,Cimaron,2001,0,24.0,12.0,29.2,,,1
765,1467,Chebi,2001,0,66.0,24.0,38.6,51.0,27.662486038905666,1
766,1468,Durian,2001,0,84.0,54.0,16.2,75.0,16.08900299626168,1
767,1469,Utor,2001,0,66.0,48.0,20.2,51.0,20.524974069844845,1
768,1470,Trami,2001,0,30.0,18.0,15.1,27.0,13.832864808842277,1
769,1472,Yutu,2001,0,60.0,42.0,17.8,51.0,18.263621987081336,1
770,1473,Toraji,2001,0,102.0,24.0,21.6,99.0,21.734649319517214,1
771,1474,(nameless),2001,0,120.0,72.0,21.4,,,0
772,1476,Usagi,2001,0,48.0,36.0,23.6,51.0,22.354373436565567,1
773,1481,Fitow,2001,1,378.0,372.0,7.9,381.0,8.136761775825102,1
774,1483,Nari,2001,0,36.0,6.0,15.0,27.0,14.40506415842415,1
775,1483,Nari,2001,0,72.0,36.0,6.9,51.0,6.769381454523209,1
776,1483,Nari,2001,0,192.0,42.0,9.4,195.0,9.649933582007135,1
777,1486,Lekima,2001,0,126.0,78.0,11.8,123.0,8.631090775561864,1
778,1488,Haiyan,2001,0,24.0,12.0,19.5,,,1
779,1499,(nameless),2002,0,42.0,36.0,13.7,,,0
780,1500,Noguri,2002,0,72.0,36.0,13.6,51.0,11.971865020565307,1
781,1501,Rammasun,2002,0,72.0,30.0,22.7,51.0,21.770411417966095,1
782,1501,Rammasun,2002,0,12.0,0.0,28.4,,,1
783,1504,Nakri,2002,0,102.0,60.0,12.1,81.0,13.529119101984561,1
784,1505,Fengshen,2002,0,54.0,24.0,20.5,48.0,20.15435924455508,1
785,1509,Kammuri,2002,0,102.0,78.0,14.0,99.0,13.9935602695424,1
786,1511,Vongfong,2002,0,72.0,18.0,17.8,75.0,18.13637299792291,1
787,1512,Rusa,2002,0,12.0,12.0,24.1,,,1
788,1512,Rusa,2002,0,12.0,6.0,30.9,,,1
789,1513,Sinlaku,2002,0,78.0,30.0,15.5,75.0,14.202087429848264,1
790,1515,Hagupit,2002,1,144.0,120.0,11.2,147.0,11.617897822534253,1
791,1517,Mekkhala,2002,1,126.0,84.0,10.1,123.0,8.994820794290357,1
792,1525,Kujira,2003,0,30.0,6.0,44.4,27.0,38.281558493722244,1
793,1529,Nangka,2003,0,24.0,12.0,26.1,,,1
794,1530,Soudelor,2003,0,24.0,18.0,38.9,,,1
795,1531,Koni,2003,0,66.0,36.0,20.7,51.0,18.397073153391744,1
796,1532,Imbudo,2003,0,54.0,30.0,26.2,51.0,26.816661597578552,1
797,1533,Morakot,2003,0,48.0,30.0,16.0,51.0,15.581595162901674,1
798,1536,Vamco,2003,0,36.0,18.0,35.0,27.0,36.78765476316198,1
799,1537,(nameless),2003,0,42.0,24.0,9.0,,,0
800,1535,Krovanh,2003,0,84.0,48.0,22.2,75.0,21.526997316528423,1
801,1538,Dujuan,2003,0,54.0,24.0,29.2,51.0,31.468746984653592,1
802,1539,Maemi,2003,0,36.0,18.0,34.9,27.0,25.67839928281208,1
803,1539,Maemi,2003,0,12.0,12.0,55.8,,,1
804,1542,(nameless),2003,0,24.0,6.0,9.8,,,0
805,1542,(nameless),2003,0,0.0,0.0,,,,0
806,1545,Melor,2003,0,24.0,18.0,11.2,,,1
807,1545,Melor,2003,0,18.0,6.0,37.5,,,1
808,1546,Nepartak,2003,0,84.0,66.0,13.5,75.0,13.68048280391026,1
809,1555,Conson,2004,0,48.0,6.0,22.5,27.0,14.441002575438267,1
810,1556,Chanthu,2004,0,24.0,6.0,24.8,,,1
811,1558,Mindulle,2004,0,96.0,30.0,23.7,99.0,23.110191856965162,1
812,1560,Kompasu,2004,0,36.0,24.0,19.6,27.0,18.20106226427855,1
813,1562,(nameless),2004,0,24.0,12.0,23.6,,,0
814,1561,Namthcun,2004,0,24.0,18.0,22.0,,,1
815,1565,Rananim,2004,0,90.0,54.0,19.2,75.0,18.534216707664562,1
816,1567,Megi,2004,0,42.0,18.0,32.4,27.0,27.36979473926504,1
817,1569,Aere,2004,0,108.0,60.0,14.4,99.0,15.313500804101698,1
818,1573,Haima,2004,0,132.0,24.0,26.3,129.0,26.155661368027275,1
819,1574,Meari,2004,0,24.0,24.0,11.6,,,1
820,1577,Nock-ten,2004,0,30.0,18.0,47.4,27.0,29.078712896563605,1
821,1580,Nanmadol,2004,0,30.0,12.0,27.6,27.0,25.59527132726484,1
822,1587,Haitang,2005,0,78.0,60.0,12.4,75.0,12.237439787835248,1
823,1590,Washi,2005,0,72.0,66.0,14.8,63.0,14.112566588646335,1
824,1591,Matsa,2005,0,126.0,54.0,17.9,123.0,17.56752562233499,1
825,1592,Sanvu,2005,0,72.0,42.0,21.3,75.0,21.1101999569283,1
826,1595,Talim,2005,0,78.0,48.0,17.1,75.0,18.4338175363274,1
827,1597,Khanun,2005,0,84.0,48.0,25.0,75.0,24.387075338663777,1
828,1598,Vicente,2005,0,48.0,30.0,37.5,51.0,37.26502093816433,1
829,1600,Damrey,2005,0,108.0,72.0,14.4,99.0,13.661791199860577,1
830,1601,Longwang,2005,0,30.0,30.0,19.1,27.0,18.914133304997108,1
831,1603,Kai-tak,2005,0,84.0,48.0,12.5,75.0,10.976799116211216,1
832,1604,Tembin,2005,0,12.0,12.0,20.1,,,1
833,1608,Chanchu,2006,0,84.0,24.0,28.5,75.0,27.618093585807515,1
834,1609,Jelawat,2006,0,48.0,36.0,15.9,51.0,15.401588916026267,1
835,1611,(nameless),2006,0,36.0,24.0,21.6,,,0
836,1610,Ewiniar,2006,0,24.0,18.0,29.5,,,1
837,1610,Ewiniar,2006,0,48.0,12.0,37.2,27.0,38.86431405997641,1
838,1610,Ewiniar,2006,0,18.0,18.0,17.3,,,1
839,1612,Bilis,2006,0,108.0,54.0,21.3,99.0,21.039596290875156,1
840,1613,Kaemi,2006,0,120.0,60.0,16.2,123.0,16.05575448992145,1
841,1614,Prapiroon,2006,0,78.0,54.0,15.0,75.0,15.715704969071817,1
842,1617,Bopha,2006,0,72.0,36.0,16.9,75.0,16.88834160919507,1
843,1616,Saomai,2006,0,66.0,42.0,23.6,51.0,25.158891628049656,1
844,1618,Wukong,2006,0,30.0,18.0,18.4,27.0,18.86853933443335,1
845,1620,(nameless),2006,0,66.0,36.0,12.7,,,0
846,1623,(nameless),2006,0,84.0,54.0,16.3,,,0
847,1622,Shanshan,2006,0,48.0,18.0,22.9,27.0,16.435009082537313,1
848,1622,Shanshan,2006,0,18.0,12.0,25.9,,,1
849,1625,(nameless),2006,0,54.0,36.0,17.0,,,0
850,1626,Xangsane,2006,0,48.0,36.0,18.6,27.0,17.71818082641638,1
851,1631,Chebi,2006,0,42.0,30.0,10.6,27.0,12.75088603657688,1
852,1633,Utor,2006,0,48.0,48.0,6.7,27.0,7.470166327977496,1
853,1637,Toraji,2007,0,72.0,42.0,15.6,75.0,14.939131458571893,1
854,1640,(nameless),2007,0,90.0,42.0,9.8,,,0
855,1641,Pabuk,2007,0,108.0,72.0,16.3,99.0,16.887481035052538,1
856,1642,Wutip,2007,0,30.0,6.0,26.9,27.0,20.95866408857769,1
857,1643,Sepat,2007,1,174.0,102.0,13.2,171.0,13.340153951975351,1
858,1646,Nari,2007,0,42.0,18.0,21.5,27.0,21.53054896854365,1
859,1647,Wipha,2007,0,60.0,30.0,30.4,51.0,29.278478872795127,1
860,1648,Francisco,2007,0,66.0,48.0,18.2,51.0,17.90739017837298,1
861,1649,Lekima,2007,0,72.0,54.0,15.6,51.0,13.706305812288802,1
862,1650,Krosa,2007,0,78.0,54.0,24.6,75.0,17.854806383864613,1
863,1656,Peipah,2007,0,48.0,30.0,18.3,27.0,16.78155478280999,1
864,1658,Mitag,2007,0,48.0,12.0,21.5,27.0,12.399308746590286,1
865,1661,Neoguri,2008,0,66.0,36.0,17.0,51.0,13.112705466535138,1
866,1666,Fengshen,2008,0,96.0,66.0,14.5,99.0,14.07171267095196,1
867,1667,Kalmaegi,2008,0,144.0,30.0,23.5,147.0,23.621337095671525,1
868,1668,Fung-wong,2008,0,114.0,66.0,15.5,99.0,17.52353803875198,1
869,1669,Kammuri,2008,0,102.0,54.0,16.5,99.0,16.208164115332007,1
870,1672,Nuri,2008,0,78.0,36.0,15.1,75.0,15.600090537334438,1
871,1673,(nameless),2008,0,18.0,0.0,9.8,,,0
872,1674,Sinlaku,2008,0,114.0,84.0,11.0,99.0,9.198313332719678,1
873,1675,Hagupit,2008,0,90.0,48.0,23.5,75.0,25.352992008599482,1
874,1676,Jangmi,2008,0,66.0,42.0,21.2,51.0,18.142097080769894,1
875,1677,Mekkhala,2008,0,60.0,42.0,21.1,51.0,15.633888816854657,1
876,1678,Higos,2008,0,102.0,54.0,17.6,99.0,17.74104973104603,1
877,1679,(nameless),2008,0,54.0,54.0,7.7,,,0
878,1687,Linfa,2009,0,108.0,48.0,24.6,99.0,16.512708655562335,1
879,1688,Nangka,2009,0,48.0,18.0,22.0,51.0,21.682199319932465,1
880,1689,Soudelor,2009,0,66.0,30.0,25.3,51.0,23.24902941489267,1
881,1690,(nameless),2009,0,24.0,18.0,24.7,,,0
882,1691,Molave,2009,0,36.0,24.0,26.0,27.0,24.756905091643496,1
883,1692,Goni,2009,1,156.0,138.0,11.5,147.0,11.167085375775963,1
884,1693,Morakot,2009,1,144.0,78.0,15.9,123.0,14.089510579702253,1
885,1698,Mujigae,2009,0,84.0,48.0,20.8,75.0,19.967438437015343,1
886,1700,Koppu,2009,0,66.0,36.0,19.2,51.0,19.693043672454188,1
887,1701,Ketsana,2009,0,84.0,42.0,14.2,75.0,15.047292618214044,1
888,1703,Parma,2009,0,90.0,78.0,10.9,75.0,11.682828171703685,1
889,1707,(nameless),2009,0,60.0,60.0,7.9,,,0
890,1713,Conson,2010,0,72.0,36.0,17.0,75.0,17.13530171293139,1
891,1715,(nameless),2010,0,30.0,0.0,18.5,,,0
892,1714,Chanthu,2010,0,84.0,48.0,15.1,75.0,15.110549354905544,1
893,1716,Dianmu,2010,0,48.0,24.0,23.9,27.0,25.197453532471954,1
894,1717,Mindulle,2010,0,72.0,36.0,17.8,75.0,17.670023346353602,1
895,1718,Lionrock,2010,0,174.0,120.0,10.9,171.0,10.909890713826911,1
896,1720,Namtheun,2010,0,60.0,54.0,10.4,51.0,9.175467013225266,1
897,1719,Kompasu,2010,0,48.0,18.0,34.0,27.0,28.789413878460707,1
898,1719,Kompasu,2010,0,24.0,18.0,40.3,,,1
899,1721,Malou,2010,0,42.0,24.0,14.6,27.0,15.0432499072331,1
900,1722,Meranti,2010,0,120.0,36.0,22.6,99.0,17.563919988865976,1
901,1723,Fanapi,2010,0,90.0,42.0,21.2,75.0,20.508051502166154,1
902,1725,(nameless),2010,1,138.0,138.0,5.9,,,0
903,1726,Megi,2010,0,78.0,48.0,10.3,75.0,9.823198843124986,1
904,1729,(nameless),2010,0,42.0,24.0,12.6,,,0
905,1734,(nameless),2011,0,42.0,24.0,14.4,,,0
906,1735,Sarika,2011,0,24.0,12.0,23.1,27.0,22.764938901016627,1
907,1736,Haima,2011,0,132.0,66.0,14.5,123.0,14.984841454400357,1
908,1737,Meari,2011,0,78.0,30.0,29.2,75.0,30.02047976475622,1
909,1740,Nock-ten,2011,0,72.0,48.0,22.5,75.0,22.524824941809168,1
910,1741,Muifa,2011,0,96.0,24.0,23.0,99.0,23.39911979225742,1
911,1744,Nanmadol,2011,0,78.0,54.0,8.4,75.0,8.191671470522087,1
912,1745,Talas,2011,0,18.0,6.0,25.0,21.0,24.94662889521172,1
913,1747,Kulap,2011,0,24.0,12.0,11.8,,,1
914,1751,Haitang,2011,0,84.0,84.0,13.5,81.0,12.935933942328935,1
915,1750,Nesat,2011,0,66.0,42.0,19.8,51.0,21.337199976433983,1
916,1752,Nalgae,2011,0,84.0,48.0,13.9,75.0,15.18510621151495,1
917,1753,Banyan,2011,0,30.0,6.0,9.7,27.0,12.119859502477205,1
918,1754,(nameless),2011,0,48.0,36.0,14.6,,,0
919,1762,Talim,2012,0,102.0,96.0,12.5,93.0,11.466501593131289,1
920,1763,Doksuri,2012,0,30.0,18.0,26.6,27.0,26.335309115721156,1
921,1764,Khanun,2012,0,24.0,12.0,37.9,,,1
922,1764,Khanun,2012,0,24.0,18.0,16.6,27.0,16.46307159870387,1
923,1765,Vicente,2012,0,102.0,42.0,16.8,99.0,17.199853145832137,1
924,1766,Saola,2012,0,96.0,54.0,16.8,99.0,16.433165760923615,1
925,1767,Damrey,2012,0,54.0,36.0,27.6,60.0,27.588940592862528,1
926,1768,Haikui,2012,1,126.0,84.0,9.0,123.0,9.563013011549597,1
927,1770,Kai-tak,2012,0,60.0,36.0,26.3,51.0,26.523752476628335,1
928,1771,Tembin,2012,0,168.0,60.0,16.5,147.0,14.215991813355032,1
929,1771,Tembin,2012,0,42.0,24.0,18.2,45.0,17.746238222419862,1
930,1772,Bolaven,2012,0,78.0,18.0,42.1,75.0,42.72859922065953,1
931,1773,Sanba,2012,0,30.0,18.0,39.5,18.0,47.24787495937517,1
932,1777,Gaemi,2012,0,24.0,6.0,8.0,,,1
933,1780,Son-tinh,2012,0,84.0,54.0,17.2,75.0,18.64405267936458,1
934,1787,Leepi,2013,0,48.0,12.0,27.1,27.0,27.241469646895325,1
935,1788,Bebinca,2013,0,78.0,54.0,16.9,75.0,16.943381806083917,1
936,1789,Rumbia,2013,0,42.0,36.0,25.3,27.0,23.18291448796442,1
937,1790,Soulik,2013,0,60.0,36.0,22.3,51.0,24.994217821867245,1
938,1791,Cimaron,2013,0,48.0,30.0,22.0,51.0,20.90149753319708,1
939,1792,Jebi,2013,0,60.0,30.0,20.2,51.0,18.766920888584387,1
940,1793,Mangkhut,2013,0,48.0,24.0,24.8,51.0,24.31250199882284,1
941,1794,Utor,2013,1,126.0,108.0,10.3,123.0,10.633599496879663,1
942,1795,Trami,2013,0,24.0,12.0,11.4,,,1
943,1795,Trami,2013,0,60.0,42.0,22.4,51.0,23.81582260662431,1
944,1796,(nameless),2013,0,24.0,18.0,16.8,,,0
945,1799,Kong-rey,2013,0,72.0,30.0,23.2,51.0,18.580364601583163,1
946,1801,Toraji,2013,0,60.0,30.0,11.5,51.0,10.955061848650177,1
947,1804,(nameless),2013,0,48.0,48.0,12.7,,,0
948,1803,Usagi,2013,0,72.0,36.0,21.3,75.0,20.719259475495672,1
949,1806,Wutip,2013,0,96.0,48.0,17.3,75.0,13.75046288877993,1
950,1808,Fitow,2013,0,30.0,24.0,21.3,27.0,21.634891249558432,1
951,1809,Danas,2013,0,30.0,12.0,37.6,24.0,32.359908955578405,1
952,1810,Nari,2013,0,72.0,42.0,16.1,51.0,15.01860429083361,1
953,1815,Krosa,2013,0,48.0,36.0,9.8,27.0,6.318596187592243,1
954,1815,Krosa,2013,0,12.0,12.0,24.5,,,1
955,1817,Haiyan,2013,0,60.0,24.0,27.6,51.0,30.793198349665566,1
956,1825,Mitag,2014,0,48.0,6.0,14.1,27.0,8.78971325843345,1
957,1826,Hagibis,2014,0,96.0,54.0,25.4,99.0,14.38395849951512,1
958,1827,Neoguri,2014,0,42.0,24.0,24.8,27.0,25.497349355893945,1
959,1828,Rammasun,2014,0,66.0,42.0,20.7,51.0,21.011418535399617,1
960,1829,Matmo,2014,0,96.0,30.0,27.4,99.0,27.06644040642376,1
961,1831,Nakri,2014,0,48.0,36.0,16.1,27.0,18.330199958563085,1
962,1830,Halong,2014,0,48.0,36.0,16.4,27.0,13.271046985605508,1
963,1833,(nameless),2014,0,60.0,30.0,37.9,,,0
964,1835,(nameless),2014,0,48.0,30.0,17.6,,,0
965,1836,Kalmaegi,2014,0,54.0,24.0,31.2,51.0,30.890774075043325,1
966,1837,Fung-wong,2014,0,102.0,48.0,24.6,99.0,18.918459414573356,1
967,1840,Vongfong,2014,0,18.0,6.0,23.7,,,1
968,1848,Maysak,2015,0,6.0,6.0,7.2,,,1
969,1850,Noul,2015,0,24.0,0.0,44.0,,,1
970,1852,Kujira,2015,0,120.0,72.0,9.2,105.0,9.060489466393529,1
971,1854,Linfa,2015,0,90.0,60.0,11.1,75.0,8.102463030801893,1
972,1853,Chan-hom,2015,0,66.0,42.0,23.3,51.0,20.02531001208929,1
973,1858,Soudelor,2015,0,120.0,66.0,22.1,99.0,21.043074920591813,1
974,1860,Goni,2015,0,36.0,12.0,29.4,27.0,17.746042396181995,1
975,1860,Goni,2015,0,30.0,12.0,26.5,27.0,26.592718838812026,1
976,1864,Vamco,2015,0,48.0,42.0,17.4,51.0,16.658190047314964,1
977,1866,Dujuan,2015,0,54.0,42.0,21.7,51.0,22.187545847749725,1
978,1867,Mujigae,2015,0,48.0,36.0,19.5,51.0,19.857828385213924,1
979,1874,(nameless),2016,0,48.0,30.0,21.6,,,0
980,1875,NEPARTAK,2016,0,48.0,42.0,13.2,51.0,12.389948923715526,1
981,1878,MIRINAE,2016,0,54.0,48.0,17.5,51.0,17.3624164707217,1
982,1879,NIDA,2016,0,48.0,30.0,26.2,51.0,26.29080946778661,1
983,1883,DIANMU,2016,0,114.0,84.0,15.3,117.0,15.1676535887424,1
984,1885,Lionrock,2016,0,0.0,0.0,56.6,,,1
985,1888,Malou,2016,0,30.0,12.0,22.7,15.0,16.848546252768923,1
986,1890,RAI,2016,0,42.0,18.0,22.8,27.0,23.87499675703553,1
987,1890,RAI,2016,0,0.0,0.0,18.5,,,1
988,1889,MERANTI,2016,0,78.0,42.0,24.2,75.0,24.953348065168854,1
989,1891,MALAKAS,2016,0,78.0,36.0,20.8,75.0,17.877549543401425,1
990,1892,MEGI,2016,0,66.0,48.0,18.7,51.0,18.09840284003855,1
991,1893,CHABA,2016,0,24.0,12.0,32.1,,,1
992,1894,AERE,2016,0,144.0,114.0,10.6,123.0,8.474948179466159,1
993,1894,AERE,2016,0,60.0,54.0,15.5,51.0,14.502190049075624,1
994,1896,SARIKA,2016,0,78.0,48.0,14.8,75.0,14.65361779434798,1
995,1897,HAIMA,2016,0,66.0,30.0,31.2,51.0,27.172940196004376,1
996,1903,(nameless),2017,0,30.0,12.0,22.1,,,0
997,1905,MERBOK,2017,0,66.0,24.0,20.8,51.0,19.090603981291082,1
998,1906,NANMADOL,2017,0,42.0,12.0,34.6,24.0,29.627472231533403,1
999,1907,TALAS,2017,0,84.0,48.0,17.6,75.0,15.836473162867124,1
1000,1911,SONCA,2017,0,120.0,108.0,9.9,99.0,7.257267345761273,1
1001,1911,SONCA,2017,0,30.0,30.0,3.3,27.0,3.333117024573898,1
1002,1910,ROKE,2017,0,36.0,21.0,27.8,27.0,26.21627159116543,1
1003,1913,HAITANG,2017,0,12.0,6.0,10.9,,,1
1004,1913,HAITANG,2017,0,126.0,72.0,21.2,123.0,19.003293950726594,1
1005,1912,NESAT,2017,0,48.0,36.0,20.9,51.0,19.2162043512305,1
1006,1916,HATO,2017,0,72.0,36.0,29.0,75.0,29.786720359584354,1
1007,1917,PAKHAR,2017,0,48.0,27.0,33.6,51.0,31.171440831328887,1
1008,1919,MAWAR,2017,0,102.0,60.0,8.0,99.0,7.990806245342104,1
1009,1920,GUCHOL,2017,0,36.0,18.0,15.0,27.0,15.124319355534066,1
1010,1921,TALIM,2017,0,90.0,54.0,11.9,75.0,9.247906621033728,1
1011,1922,DOKSURI,2017,0,78.0,36.0,24.6,75.0,24.318868359714667,1
1012,1923,(nameless),2017,0,48.0,36.0,25.2,,,0
1013,1924,(nameless),2017,0,48.0,24.0,29.1,,,0
1014,1925,KHANUN,2017,0,54.0,30.0,22.4,51.0,22.08427469937677,1
1015,1929,HAIKUI,2017,0,30.0,30.0,10.4,27.0,11.26591972642031,1
1016,1937,EWINIAR,2018,1,168.0,111.0,11.4,171.0,10.465723552857773,1
1017,1939,GAEMI,2018,0,60.0,18.0,16.2,39.0,10.311911829252198,1
1018,1940,PRAPIROON,2018,0,6.0,6.0,32.0,,,1
1019,1941,MARIA,2018,0,72.0,42.0,26.2,75.0,26.27925816395445,1
1020,1942,SON-TINH,2018,1,180.0,129.0,17.6,171.0,16.509961112579518,1
1021,1943,AMPIL,2018,0,126.0,24.0,31.7,123.0,30.750806780142693,1
1022,1944,(nameless),2018,0,48.0,12.0,29.4,,,0
1023,1946,JONGDARI,2018,0,93.0,51.0,20.2,75.0,19.57449237708055,1
1024,1951,BEBINCA,2018,1,210.0,189.0,11.5,195.0,10.12065144762027,1
1025,1949,YAGI,2018,0,93.0,66.0,24.9,75.0,26.083142802375978,1
1026,1953,RUMBIA,2018,1,138.0,84.0,20.1,123.0,18.80171332379136,1
1027,1954,SOULIK,2018,0,24.0,6.0,15.6,,,1
1028,1954,SOULIK,2018,0,24.0,12.0,22.9,,,1
1029,1954,SOULIK,2018,0,42.0,12.0,29.5,27.0,32.239266517925394,1
1030,1956,(nameless),2018,0,78.0,78.0,8.4,,,0
1031,1957,JEBI,2018,0,24.0,18.0,39.0,,,1
1032,1959,BARIJAT,2018,0,114.0,39.0,16.6,99.0,14.260828221519768,1
1033,1958,MANGKHUT,2018,0,60.0,33.0,28.7,50.0,31.006683361089387,1
1034,1961,KONG-REY,2018,0,24.0,18.0,33.7,,,1
1035,1962,YUTU,2018,0,54.0,48.0,5.5,51.0,5.689917076193878,1
1036,1973,MUN,2019,0,66.0,51.0,18.5,51.0,17.175155488638172,1
1037,1974,DANAS,2019,0,72.0,24.0,23.9,51.0,24.82823784089195,1
1038,1974,DANAS,2019,0,48.0,36.0,18.0,51.0,17.780394387870572,1
1039,1976,WIPHA,2019,0,108.0,81.0,13.3,99.0,12.59208825721059,1
1040,1977,FRANCISCO,2019,0,42.0,24.0,28.0,27.0,24.55787831474179,1
1041,1978,LEKIMA,2019,1,156.0,96.0,15.8,147.0,15.569762133935562,1
1042,1979,KROSA,2019,0,24.0,6.0,29.1,,,1
1043,1980,BAILU,2019,0,54.0,33.0,22.7,51.0,23.194740072899457,1
1044,1981,PODUL,2019,0,60.0,30.0,25.6,51.0,29.176100486604156,1
1045,1983,KAJIKI,2019,1,174.0,123.0,18.4,171.0,17.792271908823754,1
1046,1982,LINGLING,2019,0,90.0,18.0,39.9,75.0,36.71131373188968,1
1047,1985,(nameless),2019,0,90.0,42.0,19.1,,,0
1048,1987,TAPAH,2019,0,30.0,24.0,34.3,27.0,23.110191554988578,1
1049,1988,MITAG,2019,0,66.0,36.0,27.4,51.0,24.9779935563014,1
1050,1997,FUNG-WONG,2019,0,24.0,6.0,23.1,27.0,23.069279067778023,1
1051,2000,Vongfong,2020,0,48.0,18.0,20.2,27.0,14.789639171549503,1
1052,2001,Nuri,2020,0,36.0,18.0,24.7,27.0,21.452369806104834,1
1053,2002,Sinlaku,2020,0,66.0,45.0,21.4,75.0,17.757946560259544,1
1054,2003,Hagupit,2020,0,120.0,39.0,26.6,99.0,24.500154168251562,1
1055,2004,Jangmi,2020,0,24.0,6.0,42.5,,,1
1056,2004,Jangmi,2020,0,30.0,12.0,58.1,15.0,58.37548697482465,1
1057,2005,Mekkhala,2020,0,30.0,15.0,25.1,27.0,24.174075950354197,1
1058,2007,Higos,2020,0,63.0,33.0,21.7,49.0,20.04480204550604,1
1059,2008,Bavi,2020,0,72.0,36.0,13.3,51.0,14.681784296646988,1
1060,2008,Bavi,2020,0,72.0,24.0,26.8,75.0,26.72474147724957,1
1061,2009,Maysak,2020,0,36.0,24.0,29.1,27.0,17.021527439022226,1
1062,2009,Maysak,2020,0,72.0,42.0,25.6,75.0,25.189742977917337,1
1063,2010,Haishen,2020,0,30.0,18.0,32.6,24.0,39.652488944282666,1
1064,2011,Noul,2020,0,36.0,18.0,30.7,27.0,27.93063616244115,1
1065,2015,Linfa,2020,0,48.0,24.0,17.4,51.0,17.315650747781696,1
1066,2016,Nangka,2020,0,60.0,39.0,21.1,51.0,22.121824303329134,1
1067,2017,(nameless),2020,0,36.0,12.0,33.3,,,0
1068,2018,Saudel,2020,0,24.0,6.0,8.0,,,1
1069,2018,Saudel,2020,0,54.0,54.0,17.2,51.0,15.916182053023164,1
1070,2020,Molave,2020,0,24.0,12.0,23.0,,,1
1071,2021,Goni,2020,0,30.0,6.0,15.0,27.0,11.701286446892684,1
1072,2022,Atsani,2020,0,12.0,12.0,5.5,,,1
1073,2024,Vamco,2020,0,72.0,42.0,19.0,75.0,19.17357866753184,1
1074,2029,Choi-wan,2021,0,66.0,18.0,31.9,51.0,24.873117051639397,1
1075,2030,Koguma,2021,0,60.0,39.0,19.9,51.0,18.706693793276525,1
1076,2032,(nameless),2021,0,48.0,30.0,19.5,,,0
1077,2034,Cempaka,2021,0,168.0,138.0,8.9,171.0,8.632105987514326,1
1078,2033,In-fa,2021,1,192.0,114.0,13.4,195.0,12.218454490775915,1
1079,2035,Nepartak,2021,0,30.0,30.0,5.5,27.0,3.3830284154111747,1
1080,2036,Lupit,2021,0,132.0,102.0,13.2,117.0,11.504947229342648,1
1081,2037,Mirinae,2021,0,42.0,6.0,11.2,21.0,9.621807172311547,1
1082,2039,Omais,2021,0,36.0,12.0,35.7,27.0,23.066662466271524,1
1083,2039,Omais,2021,0,18.0,12.0,24.9,,,1
1084,2041,Conson,2021,0,84.0,84.0,6.8,75.0,7.066764622328004,1
1085,2042,Chanthu,2021,0,144.0,96.0,13.9,123.0,13.777342607737731,1
1086,2043,Dianmu,2021,0,36.0,24.0,21.2,27.0,25.035223994945493,1
1087,2045,Lionrock,2021,0,102.0,75.0,10.9,99.0,10.905051258503295,1
1088,2046,Kompasu,2021,0,24.0,15.0,28.0,,,1
1089,2046,Kompasu,2021,0,36.0,36.0,23.2,27.0,23.096441473527644,1
1090,2051,Rai,2021,0,54.0,12.0,21.7,51.0,20.827319267901746,1
1091,2054,Chaba,2022,0,180.0,45.0,18.8,171.0,18.139445072629623,1
1092,2056,Songda,2022,0,72.0,60.0,11.2,75.0,11.463939150528482,1
1093,2057,Trases,2022,0,12.0,6.0,28.5,,,1
1094,2058,(nameless),2022,0,24.0,24.0,20.3,,,0
1095,2059,Mulan,2022,0,66.0,39.0,21.4,75.0,19.89799161966417,1
1096,2061,Ma-on,2022,0,48.0,30.0,28.6,51.0,29.045040039797094,1
1097,2063,Hinnamnor,2022,0,66.0,30.0,23.1,51.0,15.919424875322441,1
1098,2063,Hinnamnor,2022,0,18.0,12.0,82.3,,,1
1099,2065,Muifa,2022,0,117.0,36.0,23.7,99.0,17.002309478683543,1
1100,2069,Noru,2022,0,66.0,30.0,21.7,51.0,23.822344810609806,1
1101,2073,Sonca,2022,0,30.0,18.0,18.2,27.0,20.23812570798564,1
1102,2074,Nesat,2022,0,24.0,18.0,15.9,,,1
1103,2074,Nesat,2022,0,54.0,54.0,11.8,51.0,12.687816511539157,1
1104,2076,(nameless),2022,0,6.0,6.0,25.3,,,0
1105,2077,Nalgae,2022,0,48.0,42.0,11.6,51.0,10.333840199775919,1
1106,2085,TALIM,2023,0,90.0,48.0,17.1,73.0,16.66510446985496,1
1107,2086,DOKSURI,2023,0,96.0,45.0,21.3,99.0,21.339202928083132,1
1108,2087,KHANUN,2023,0,96.0,48.0,8.8,75.0,8.352120896122969,1
1109,2087,KHANUN,2023,0,30.0,18.0,19.1,21.0,21.986362004591566,1
1110,2088,LAN,2023,0,12.0,12.0,31.0,12.0,29.04412821675463,1
1111,2090,SAOLA,2023,0,120.0,72.0,12.6,121.0,13.105135257456794,1
1112,2092,HAIKUI,2023,1,204.0,144.0,10.6,195.0,10.858618228497878,1
1113,2095,(nameless),2023,0,42.0,24.0,18.6,,,0
1114,2096,KOINU,2023,0,138.0,102.0,9.6,123.0,8.34217133459791,1
1115,2098,SANBA,2023,0,93.0,63.0,10.7,75.0,10.903388790617418,1
1116,2102,MALIKSI,2024,0,72.0,39.0,17.0,75.0,16.347897351619945,1
1117,2103,(nameless),2024,0,30.0,18.0,17.0,,,0
1118,2105,PRAPIROON,2024,0,126.0,96.0,13.1,123.0,12.317119000228093,1
1119,2104,GAEMI,2024,0,96.0,72.0,14.6,99.0,15.137149382575389,1
1120,2110,JONGDARI,2024,0,48.0,6.0,28.8,51.0,29.66735137639724,1
1121,2112,YAGI,2024,0,108.0,60.0,15.1,99.0,14.683902360582437,1
1122,2114,BEBINCA,2024,0,84.0,63.0,16.0,75.0,17.283762823754035,1
1123,2116,SOULIK,2024,0,78.0,42.0,22.3,75.0,21.719921138415163,1
1124,2115,PULASAN,2024,0,72.0,51.0,32.0,66.0,26.15525616759211,1
1125,2117,(nameless),2024,0,48.0,30.0,14.3,,,0
1126,2120,KRATHON,2024,0,90.0,48.0,6.1,75.0,7.1805569636519495,1
1127,2122,TRAMI,2024,0,84.0,78.0,13.5,75.0,13.211135899121006,1
1128,2123,KONG-REY,2024,0,48.0,18.0,37.9,27.0,25.77675482173241,1
1129,2124,YINXING,2024,0,72.0,30.0,14.6,51.0,13.476988229061265,1
1130,2125,TORAJI,2024,0,60.0,60.0,8.1,49.0,8.761010928991297,1
1131,2127,USAGI,2024,0,36.0,24.0,10.1,27.0,11.515968562846016,1
1132,2126,MAN-YI,2024,0,48.0,30.0,17.6,51.0,18.65313114076374,1
