tc_id,tc_name,year,duration,A_e,peak,start,end,PER_imerg,match_event_id,chm_duration_days,chm_accumulation_Ae_mm,chm_peak_daily_mm,chm_PER_flag,chm_RT_local_hours
1466,Cimaron,2001,1,2.2355000972747803,1.7562499046325684,20010513,20010513,0,764.0,1,4.86,6.14,0,12.0
1467,Chebi,2001,3,68.88600158691406,22.66414451599121,20010622,20010624,0,765.0,3,86.79,156.82,0,24.0
1468,Durian,2001,4,168.43084716796875,31.319067001342773,20010630,20010703,0,766.0,4,221.53,329.24,0,54.0
1469,Utor,2001,3,145.10458374023438,44.88175964355469,20010705,20010707,0,767.0,3,140.38,176.87,0,48.0
1470,Trami,2001,2,140.40594482421875,35.343719482421875,20010711,20010712,0,768.0,2,58.06,125.53,0,18.0
1472,Yutu,2001,1,1.0199998617172241,1.0199998617172241,20010723,20010723,0,769.0,3,123.44,208.48,0,42.0
1472,Yutu,2001,3,107.84800720214844,18.498870849609375,20010724,20010726,0,769.0,3,123.44,208.48,0,42.0
1473,Toraji,2001,5,74.64599609375,27.521852493286133,20010729,20010802,0,770.0,5,107.82,185.74,0,24.0
1474,(nameless),2001,5,100.04499053955078,26.789133071899414,20010803,20010807,0,771.0,6,69.2,196.31,0,72.0
1476,Usagi,2001,2,34.17999267578125,9.868656158447266,20010809,20010810,0,772.0,3,35.97,61.23,0,36.0
1476,Usagi,2001,1,8.72599983215332,5.798673629760742,20010811,20010811,0,772.0,3,35.97,61.23,0,36.0
1481,Fitow,2001,17,577.0797119140625,58.23653793334961,20010827,20010912,1,773.0,17,584.16,418.27,1,372.0
1483,Nari,2001,2,50.05599594116211,13.986954689025879,20010905,20010906,0,774.0,2,40.53,80.16,0,6.0
1483,Nari,2001,3,3.3480000495910645,2.5774998664855957,20010908,20010910,0,775.0,3,12.14,24.11,0,36.0
1483,Nari,2001,9,106.13323211669922,20.739694595336914,20010913,20010921,0,776.0,9,100.28,186.56,0,42.0
1486,Lekima,2001,6,162.93373107910156,28.42447853088379,20010925,20010930,0,777.0,6,142.44,132.28,0,78.0
1488,Haiyan,2001,1,7.813999652862549,3.700910806655884,20011016,20011016,0,778.0,1,1.65,1.72,0,12.0
1499,(nameless),2002,2,7.74875020980835,2.9284374713897705,20020528,20020529,0,779.0,2,3.61,3.08,0,36.0
1500,Noguri,2002,3,14.975998878479004,4.384692192077637,20020605,20020607,0,780.0,3,16.48,27.54,0,36.0
1501,Rammasun,2002,3,34.85750198364258,13.432828903198242,20020703,20020705,0,781.0,3,60.7,89.0,0,30.0
1501,Rammasun,2002,1,66.89822387695312,38.20365524291992,20020706,20020706,0,782.0,1,29.56,34.52,0,0.0
1504,Nakri,2002,4,101.74951171875,20.797027587890625,20020707,20020710,0,783.0,5,108.32,155.63,0,60.0
1505,Fengshen,2002,3,38.593502044677734,10.522583961486816,20020726,20020728,0,784.0,3,41.67,110.9,0,24.0
1509,Kammuri,2002,5,183.5675048828125,28.72334098815918,20020802,20020806,0,785.0,5,195.98,249.75,0,78.0
1511,Vongfong,2002,4,82.89301300048828,36.69359588623047,20020817,20020820,0,786.0,4,138.99,189.06,0,18.0
1512,Rusa,2002,1,3.648750066757202,2.40625,20020831,20020831,0,787.0,1,1.6,1.63,0,12.0
1512,Rusa,2002,1,32.28900146484375,16.19147491455078,20020901,20020901,0,788.0,1,31.67,47.56,0,6.0
1513,Sinlaku,2002,4,87.63699340820312,22.794702529907227,20020905,20020908,0,789.0,4,96.07,191.82,0,30.0
1515,Hagupit,2002,7,327.1147155761719,32.31221389770508,20020909,20020915,1,790.0,7,268.61,239.04,1,120.0
1517,Mekkhala,2002,6,194.79751586914062,32.249168395996094,20020923,20020928,0,791.0,6,219.58,299.09,1,84.0
1525,Kujira,2003,1,6.537500858306885,3.1161773204803467,20030424,20030424,0,792.0,2,40.02,62.08,0,6.0
1529,Nangka,2003,1,8.645248413085938,3.9815385341644287,20030602,20030602,0,793.0,1,1.73,1.74,0,12.0
1530,Soudelor,2003,1,1.379249930381775,1.372499942779541,20030617,20030617,0,794.0,1,7.81,14.96,0,18.0
1530,Soudelor,2003,1,2.929748773574829,1.7468417882919312,20030618,20030618,0,794.0,1,7.81,14.96,0,18.0
1531,Koni,2003,3,96.80003356933594,24.219024658203125,20030720,20030722,0,795.0,3,76.17,161.08,0,36.0
1532,Imbudo,2003,3,162.37696838378906,34.625213623046875,20030723,20030725,0,796.0,3,173.38,232.12,0,30.0
1533,Morakot,2003,3,79.95343780517578,19.622844696044922,20030803,20030805,0,797.0,3,66.44,249.33,0,30.0
1536,Vamco,2003,2,48.8444938659668,13.483526229858398,20030819,20030820,0,798.0,2,43.53,130.01,0,18.0
1537,(nameless),2003,3,91.02597045898438,24.356218338012695,20030819,20030821,0,799.0,3,114.37,161.4,0,24.0
1535,Krovanh,2003,4,133.96141052246094,31.51268196105957,20030823,20030826,0,800.0,4,179.38,236.14,0,48.0
1538,Dujuan,2003,3,79.86048889160156,24.187606811523438,20030901,20030903,0,801.0,3,72.33,134.5,0,24.0
1539,Maemi,2003,2,12.125,4.457329273223877,20030911,20030912,0,802.0,2,30.96,37.22,0,18.0
1539,Maemi,2003,1,8.08549976348877,4.224550724029541,20030913,20030913,0,803.0,1,1.61,1.67,0,12.0
1542,(nameless),2003,2,11.32249927520752,4.472464561462402,20031009,20031010,0,804.0,1,1.27,1.27,0,6.0
1545,Melor,2003,2,7.460000991821289,3.177798271179199,20031102,20031103,0,806.0,1,1.14,1.14,0,18.0
1546,Nepartak,2003,4,244.7429656982422,65.77816009521484,20031116,20031119,0,808.0,4,212.8,179.3,0,66.0
1556,Chanthu,2004,1,27.090999603271484,17.557584762573242,20040612,20040612,0,810.0,1,23.27,24.36,0,6.0
1558,Mindulle,2004,5,65.01697540283203,31.108829498291016,20040701,20040705,0,811.0,5,60.08,118.45,0,30.0
1560,Kompasu,2004,2,23.478979110717773,8.14639949798584,20040715,20040716,0,812.0,2,14.97,35.65,0,24.0
1562,(nameless),2004,2,82.65597534179688,18.254613876342773,20040726,20040727,0,813.0,2,37.25,85.75,0,12.0
1561,Namthcun,2004,2,3.241499423980713,2.905714273452759,20040802,20040803,0,814.0,1,8.06,11.5,0,18.0
1565,Rananim,2004,4,130.7565155029297,31.833898544311523,20040811,20040814,0,815.0,4,158.11,190.25,0,54.0
1567,Megi,2004,2,29.106998443603516,8.059822082519531,20040817,20040818,0,816.0,2,11.29,47.55,0,18.0
1569,Aere,2004,5,88.32998657226562,21.263288497924805,20040823,20040827,0,817.0,5,113.73,226.03,0,60.0
1573,Haima,2004,7,43.421993255615234,25.321929931640625,20040910,20040916,0,818.0,7,70.7,208.66,0,24.0
1574,Meari,2004,2,11.915000915527344,4.448911666870117,20040926,20040927,0,819.0,1,2.91,3.24,0,24.0
1577,Nock-ten,2004,2,20.788997650146484,8.097206115722656,20041024,20041025,0,820.0,2,20.22,28.81,0,18.0
1580,Nanmadol,2004,2,51.20850372314453,23.5584659576416,20041203,20041204,0,821.0,2,34.11,31.1,0,12.0
1587,Haitang,2005,5,142.94625854492188,30.248071670532227,20050717,20050721,0,822.0,4,213.49,362.04,0,60.0
1590,Washi,2005,4,174.54685974121094,30.57876968383789,20050728,20050731,0,823.0,4,159.54,195.26,0,66.0
1591,Matsa,2005,6,104.91498565673828,26.863386154174805,20050804,20050809,0,824.0,6,127.92,226.21,0,54.0
1592,Sanvu,2005,4,149.95501708984375,34.2953987121582,20050812,20050815,0,825.0,4,129.71,222.08,0,42.0
1595,Talim,2005,4,187.0059814453125,37.888614654541016,20050831,20050903,0,826.0,4,193.52,340.31,0,48.0
1597,Khanun,2005,4,142.15020751953125,46.77235412597656,20050910,20050913,0,827.0,4,133.05,201.2,0,48.0
1598,Vicente,2005,3,114.63423156738281,72.18936157226562,20050917,20050919,0,828.0,3,140.04,191.83,0,30.0
1600,Damrey,2005,6,191.55499267578125,37.910457611083984,20050922,20050927,0,829.0,5,258.54,300.63,0,72.0
1601,Longwang,2005,3,130.89601135253906,38.02663040161133,20051001,20051003,0,830.0,2,129.89,172.28,0,30.0
1603,Kai-tak,2005,4,139.36492919921875,57.85734939575195,20051030,20051102,0,831.0,4,98.95,164.51,0,48.0
1604,Tembin,2005,1,3.0924999713897705,1.8268181085586548,20051112,20051112,0,832.0,1,7.55,11.2,0,12.0
1608,Chanchu,2006,4,113.20672607421875,56.09678268432617,20060516,20060519,0,833.0,4,161.0,236.94,0,24.0
1609,Jelawat,2006,3,130.45492553710938,23.31100082397461,20060627,20060629,0,834.0,3,108.65,196.28,0,36.0
1611,(nameless),2006,3,91.46199035644531,19.44652557373047,20060702,20060704,0,835.0,3,82.35,138.02,0,24.0
1610,Ewiniar,2006,4,19.309999465942383,9.1365327835083,20060708,20060711,0,837.0,2,32.51,146.98,0,12.0
1612,Bilis,2006,5,251.84898376464844,47.13409423828125,20060713,20060717,0,839.0,5,230.65,308.62,0,54.0
1613,Kaemi,2006,6,153.15501403808594,37.2166862487793,20060724,20060729,0,840.0,6,163.78,260.62,0,60.0
1614,Prapiroon,2006,4,165.8199920654297,42.11418914794922,20060802,20060805,0,841.0,4,207.25,278.93,0,54.0
1617,Bopha,2006,4,58.44249725341797,13.866430282592773,20060808,20060811,0,842.0,4,41.05,72.32,0,36.0
1616,Saomai,2006,3,99.49999237060547,30.62790298461914,20060809,20060811,0,843.0,3,124.64,171.24,0,42.0
1618,Wukong,2006,2,11.555001258850098,4.461126804351807,20060820,20060821,0,844.0,2,17.27,16.39,0,18.0
1620,(nameless),2006,4,88.50348663330078,17.0846004486084,20060822,20060825,0,845.0,4,61.53,183.61,0,36.0
1623,(nameless),2006,4,75.90248107910156,14.58191967010498,20060910,20060913,0,846.0,4,65.63,140.27,0,54.0
1622,Shanshan,2006,2,5.256745338439941,2.7253332138061523,20060915,20060916,0,847.0,2,9.52,15.42,0,18.0
1622,Shanshan,2006,2,1.9174997806549072,1.347599983215332,20060918,20060919,0,848.0,1,1.1,1.1,0,12.0
1625,(nameless),2006,3,102.03651428222656,32.29351806640625,20060923,20060925,0,849.0,3,177.13,161.21,0,36.0
1626,Xangsane,2006,3,112.6397476196289,38.65559005737305,20060929,20061001,0,850.0,2,103.82,87.99,0,36.0
1631,Chebi,2006,2,31.433238983154297,7.890163898468018,20061113,20061114,0,851.0,2,20.15,34.18,0,30.0
1633,Utor,2006,4,16.48849868774414,6.883376598358154,20061212,20061215,0,852.0,2,20.92,21.62,0,48.0
1637,Toraji,2007,4,77.0887451171875,28.04384422302246,20070703,20070706,0,853.0,4,69.65,232.44,0,42.0
1640,(nameless),2007,4,68.05323791503906,18.488496780395508,20070804,20070807,0,854.0,4,83.87,70.69,0,42.0
1641,Pabuk,2007,5,166.8217315673828,20.475133895874023,20070807,20070811,0,855.0,5,138.93,202.0,0,72.0
1642,Wutip,2007,2,27.391990661621094,10.715662956237793,20070808,20070809,0,856.0,2,43.23,154.02,0,6.0
1643,Sepat,2007,8,164.78102111816406,32.15224838256836,20070817,20070824,0,857.0,8,192.48,247.33,1,102.0
1646,Nari,2007,2,7.701249599456787,9.434999465942383,20070914,20070915,0,858.0,2,4.22,4.66,0,18.0
1647,Wipha,2007,3,132.02249145507812,50.40390396118164,20070918,20070920,0,859.0,3,173.39,207.45,0,30.0
1648,Francisco,2007,4,91.56949615478516,24.110700607299805,20070922,20070925,0,860.0,3,83.91,191.95,0,48.0
1649,Lekima,2007,3,179.2449951171875,69.94757080078125,20071001,20071003,0,861.0,3,217.67,174.09,0,54.0
1649,Lekima,2007,1,27.862995147705078,20.341833114624023,20071004,20071004,0,861.0,3,217.67,174.09,0,54.0
1650,Krosa,2007,4,211.7489776611328,40.32765579223633,20071006,20071009,0,862.0,4,227.53,200.73,0,54.0
1656,Peipah,2007,1,3.253499746322632,2.6549997329711914,20071107,20071107,0,863.0,2,4.44,6.16,0,30.0
1656,Peipah,2007,2,5.215249538421631,2.854285717010498,20071108,20071109,0,863.0,2,4.44,6.16,0,30.0
1658,Mitag,2007,1,7.593000888824463,3.9305970668792725,20071126,20071126,0,864.0,2,7.16,4.34,0,12.0
1661,Neoguri,2008,4,95.02799987792969,28.666528701782227,20080416,20080419,0,865.0,3,87.75,187.4,0,36.0
1666,Fengshen,2008,5,194.16470336914062,32.35745620727539,20080623,20080627,0,866.0,5,186.22,241.82,0,66.0
1667,Kalmaegi,2008,7,88.33596801757812,34.798622131347656,20080717,20080723,0,867.0,7,82.0,183.07,0,30.0
1668,Fung-wong,2008,5,180.60623168945312,40.1290397644043,20080727,20080731,0,868.0,5,141.08,257.64,0,66.0
1669,Kammuri,2008,5,199.1300048828125,31.273649215698242,20080804,20080808,0,869.0,5,194.87,192.23,0,54.0
1672,Nuri,2008,4,178.33897399902344,39.08711624145508,20080820,20080823,0,870.0,4,176.43,221.75,0,36.0
1673,(nameless),2008,1,6.37000036239624,3.038658380508423,20080828,20080828,0,871.0,1,5.33,10.35,0,0.0
1674,Sinlaku,2008,6,47.23599624633789,9.875597953796387,20080912,20080917,0,872.0,5,99.09,138.93,0,84.0
1675,Hagupit,2008,4,185.55897521972656,34.18813705444336,20080922,20080925,0,873.0,4,153.6,217.62,0,48.0
1676,Jangmi,2008,3,105.7560043334961,18.207365036010742,20080928,20080930,0,874.0,3,103.96,151.1,0,42.0
1677,Mekkhala,2008,3,27.412744522094727,8.716082572937012,20080928,20080930,0,875.0,3,42.96,47.73,0,42.0
1678,Higos,2008,5,165.5482635498047,41.05677032470703,20081002,20081006,0,876.0,5,141.62,208.53,0,54.0
1679,(nameless),2008,3,195.4412384033203,59.320884704589844,20081013,20081015,0,877.0,3,386.28,277.42,0,54.0
1687,Linfa,2009,5,123.84497833251953,27.389820098876953,20090619,20090623,0,878.0,5,75.95,242.37,0,48.0
1688,Nangka,2009,2,85.32124328613281,18.45703887939453,20090626,20090627,0,879.0,3,55.41,155.0,0,18.0
1689,Soudelor,2009,3,82.45323944091797,18.1685733795166,20090710,20090712,0,880.0,3,45.4,129.52,0,30.0
1690,(nameless),2009,2,87.10623931884766,26.352720260620117,20090713,20090714,0,881.0,2,87.0,126.66,0,18.0
1691,Molave,2009,3,129.6820068359375,30.005483627319336,20090717,20090719,0,882.0,2,132.14,224.28,0,24.0
1692,Goni,2009,8,349.1300048828125,32.99566650390625,20090802,20090809,1,883.0,7,334.37,333.36,1,138.0
1693,Morakot,2009,7,179.34349060058594,47.64691162109375,20090806,20090812,0,884.0,6,247.49,353.36,1,78.0
1698,Mujigae,2009,3,202.75498962402344,51.70301818847656,20090910,20090912,0,885.0,4,105.05,195.42,0,48.0
1700,Koppu,2009,3,162.052490234375,28.53144073486328,20090913,20090915,0,886.0,3,109.06,170.64,0,36.0
1701,Ketsana,2009,4,81.64698791503906,36.46856689453125,20090927,20090930,0,887.0,4,223.56,212.52,0,42.0
1703,Parma,2009,2,6.997499942779541,3.5734848976135254,20091004,20091005,0,888.0,4,200.16,266.58,0,78.0
1703,Parma,2009,4,196.82749938964844,44.500946044921875,20091011,20091014,0,888.0,4,200.16,266.58,0,78.0
1707,(nameless),2009,3,193.82196044921875,40.41435623168945,20091018,20091020,0,889.0,3,123.7,172.81,0,60.0
1713,Conson,2010,4,62.49595642089844,12.900945663452148,20100715,20100718,0,890.0,4,64.61,91.17,0,36.0
1715,(nameless),2010,2,52.16023254394531,15.737893104553223,20100719,20100720,0,891.0,2,34.42,76.48,0,0.0
1714,Chanthu,2010,4,148.7662353515625,26.315032958984375,20100720,20100723,0,892.0,4,140.85,204.43,0,48.0
1716,Dianmu,2010,2,6.937748908996582,2.685333251953125,20100809,20100810,0,893.0,2,9.65,22.96,0,24.0
1717,Mindulle,2010,4,64.3420181274414,27.553144454956055,20100822,20100825,0,894.0,4,63.7,94.85,0,36.0
1718,Lionrock,2010,8,165.82289123535156,27.96131706237793,20100828,20100904,0,895.0,8,180.49,226.48,0,120.0
1720,Namtheun,2010,3,45.26749801635742,9.69375228881836,20100829,20100831,0,896.0,3,46.71,96.36,0,54.0
1719,Kompasu,2010,3,46.92574691772461,18.777252197265625,20100831,20100902,0,897.0,2,55.88,132.2,0,18.0
1721,Malou,2010,3,2.6629998683929443,1.7799999713897705,20100904,20100906,0,899.0,2,8.64,23.62,0,24.0
1722,Meranti,2010,4,88.96199798583984,18.875242233276367,20100908,20100911,0,900.0,5,65.05,141.53,0,36.0
1723,Fanapi,2010,4,140.22198486328125,31.44357681274414,20100918,20100921,0,901.0,4,134.68,224.9,0,42.0
1725,(nameless),2010,7,404.9312438964844,59.66167068481445,20101004,20101010,1,902.0,7,668.85,378.17,1,138.0
1726,Megi,2010,5,66.04125213623047,12.407478332519531,20101020,20101024,0,903.0,4,97.76,159.06,0,48.0
1729,(nameless),2010,2,19.05900001525879,6.529539585113525,20101113,20101114,0,904.0,2,22.34,37.07,0,24.0
1734,(nameless),2011,2,8.036749839782715,4.398016929626465,20110531,20110601,0,905.0,2,16.73,25.66,0,24.0
1735,Sarika,2011,2,64.43000793457031,18.62601661682129,20110610,20110611,0,906.0,2,38.37,94.03,0,12.0
1736,Haima,2011,6,152.8090057373047,22.20663833618164,20110620,20110625,0,907.0,6,129.49,168.38,0,66.0
1737,Meari,2011,4,40.25099563598633,16.129261016845703,20110624,20110627,0,908.0,4,92.79,139.13,0,30.0
1740,Nock-ten,2011,4,162.74497985839844,24.972782135009766,20110728,20110731,0,909.0,4,139.72,190.72,0,48.0
1741,Muifa,2011,4,83.04949951171875,22.910694122314453,20110806,20110809,0,910.0,5,69.17,126.8,0,24.0
1744,Nanmadol,2011,4,107.99201202392578,30.399450302124023,20110828,20110831,0,911.0,4,136.08,250.27,0,54.0
1745,Talas,2011,2,70.83100891113281,29.819868087768555,20110905,20110906,0,912.0,2,68.5,73.66,0,6.0
1747,Kulap,2011,1,8.889998435974121,3.055832862854004,20110910,20110910,0,913.0,1,2.84,3.22,0,12.0
1751,Haitang,2011,5,189.02174377441406,29.625457763671875,20110923,20110927,0,914.0,5,122.3,76.59,0,84.0
1750,Nesat,2011,3,188.2620086669922,50.91930389404297,20110928,20110930,0,915.0,3,213.44,291.23,0,42.0
1752,Nalgae,2011,4,135.9142303466797,30.982402801513672,20111002,20111005,0,916.0,4,145.5,263.79,0,48.0
1754,(nameless),2011,3,196.78799438476562,60.3675651550293,20111107,20111109,0,918.0,3,150.62,149.54,0,36.0
1762,Talim,2012,5,78.8532485961914,14.98656177520752,20120616,20120620,0,919.0,5,108.71,155.59,0,96.0
1763,Doksuri,2012,2,51.13525390625,18.091094970703125,20120629,20120630,0,920.0,2,43.41,90.96,0,18.0
1764,Khanun,2012,1,9.592499732971191,3.8972387313842773,20120718,20120718,0,921.0,1,8.49,29.08,0,12.0
1764,Khanun,2012,2,64.23798370361328,24.80809211730957,20120719,20120720,0,922.0,2,42.97,72.11,0,18.0
1765,Vicente,2012,5,140.14797973632812,25.798490524291992,20120721,20120725,0,923.0,5,125.97,185.57,0,42.0
1766,Saola,2012,5,147.5442352294922,31.663742065429688,20120801,20120805,0,924.0,5,118.71,163.91,0,54.0
1767,Damrey,2012,4,94.91500091552734,28.749284744262695,20120801,20120804,0,925.0,4,140.33,189.23,0,36.0
1768,Haikui,2012,6,236.89353942871094,40.54843521118164,20120806,20120811,0,926.0,6,225.17,363.81,1,84.0
1770,Kai-tak,2012,3,142.333984375,29.485986709594727,20120816,20120818,0,927.0,3,129.2,294.01,0,36.0
1771,Tembin,2012,7,25.971994400024414,7.542081832885742,20120823,20120829,0,928.0,7,41.01,74.22,0,60.0
1771,Tembin,2012,2,7.676249980926514,3.6841671466827393,20120830,20120831,0,929.0,3,7.71,8.17,0,24.0
1772,Bolaven,2012,3,65.51924896240234,32.59098434448242,20120827,20120829,0,930.0,4,91.8,185.82,0,18.0
1773,Sanba,2012,2,79.55773162841797,45.12183380126953,20120917,20120918,0,931.0,2,73.2,90.02,0,18.0
1777,Gaemi,2012,1,4.560000419616699,4.560000419616699,20121001,20121001,0,932.0,1,6.54,6.54,0,6.0
1780,Son-tinh,2012,4,255.48875427246094,84.84564208984375,20121026,20121029,0,933.0,4,186.01,217.74,0,54.0
1787,Leepi,2013,1,17.316999435424805,4.708502292633057,20130620,20130620,0,934.0,2,11.62,27.28,0,12.0
1788,Bebinca,2013,4,66.60496520996094,14.04922103881836,20130621,20130624,0,935.0,4,78.59,164.4,0,54.0
1789,Rumbia,2013,2,106.7298812866211,21.77720832824707,20130701,20130702,0,936.0,2,83.87,173.48,0,36.0
1790,Soulik,2013,3,141.926513671875,38.83578872680664,20130712,20130714,0,937.0,3,144.84,185.66,0,36.0
1791,Cimaron,2013,3,72.09922790527344,15.469245910644531,20130717,20130719,0,938.0,3,65.09,148.77,0,30.0
1792,Jebi,2013,3,79.81586456298828,22.786911010742188,20130801,20130803,0,939.0,3,90.27,160.86,0,30.0
1793,Mangkhut,2013,3,43.368675231933594,11.529694557189941,20130806,20130808,0,940.0,3,39.17,70.05,0,24.0
1794,Utor,2013,6,289.7135009765625,34.25660705566406,20130813,20130818,0,941.0,6,330.96,335.05,1,108.0
1795,Trami,2013,1,9.900995254516602,3.1211535930633545,20130816,20130816,0,942.0,1,8.26,12.97,0,12.0
1795,Trami,2013,3,108.03750610351562,29.418758392333984,20130821,20130823,0,943.0,3,126.26,192.32,0,42.0
1796,(nameless),2013,2,45.697242736816406,14.298040390014648,20130818,20130819,0,944.0,2,52.38,192.23,0,18.0
1799,Kong-rey,2013,3,84.15499877929688,29.073774337768555,20130828,20130830,0,945.0,3,56.2,126.97,0,30.0
1801,Toraji,2013,3,17.51799964904785,7.437335014343262,20130831,20130902,0,946.0,3,28.26,67.54,0,30.0
1804,(nameless),2013,3,160.3627471923828,54.53290939331055,20130917,20130919,0,947.0,3,165.05,147.77,0,48.0
1803,Usagi,2013,4,124.34803771972656,36.6040153503418,20130921,20130924,0,948.0,4,105.73,175.47,0,36.0
1806,Wutip,2013,5,47.7285041809082,14.044750213623047,20130927,20131001,0,949.0,4,50.58,67.89,0,48.0
1808,Fitow,2013,3,249.3639373779297,68.8493881225586,20131005,20131007,0,950.0,2,222.21,372.41,0,24.0
1809,Danas,2013,2,89.59698486328125,38.38926315307617,20131007,20131008,0,951.0,2,202.76,171.47,0,12.0
1810,Nari,2013,3,107.0425033569336,43.40161895751953,20131013,20131015,0,952.0,3,118.23,92.49,0,42.0
1815,Krosa,2013,4,36.574493408203125,10.401045799255371,20131101,20131104,0,953.0,2,45.88,55.73,0,36.0
1817,Haiyan,2013,3,209.38072204589844,74.44252014160156,20131109,20131111,0,955.0,3,193.51,292.18,0,24.0
1825,Mitag,2014,2,2.8999998569488525,1.6670000553131104,20140609,20140610,0,956.0,2,7.9,9.64,0,6.0
1826,Hagibis,2014,5,119.64350128173828,26.191354751586914,20140613,20140617,0,957.0,5,133.97,229.02,0,54.0
1827,Neoguri,2014,2,8.985000610351562,2.9313747882843018,20140708,20140709,0,958.0,2,22.81,30.84,0,24.0
1828,Rammasun,2014,3,205.69996643066406,50.73886489868164,20140717,20140719,0,959.0,3,229.01,427.01,0,42.0
1829,Matmo,2014,5,135.00302124023438,35.77488708496094,20140722,20140726,0,960.0,5,156.61,238.39,0,30.0
1831,Nakri,2014,3,31.308982849121094,12.298599243164062,20140801,20140803,0,961.0,2,58.46,64.57,0,36.0
1830,Halong,2014,2,49.23949432373047,19.753158569335938,20140811,20140812,0,962.0,2,36.29,28.01,0,36.0
1833,(nameless),2014,3,110.17301177978516,40.8132209777832,20140818,20140820,0,963.0,3,121.48,134.74,0,30.0
1835,(nameless),2014,3,161.06002807617188,42.90351486206055,20140906,20140908,0,964.0,3,114.56,223.13,0,30.0
1836,Kalmaegi,2014,3,158.66949462890625,49.631107330322266,20140915,20140917,0,965.0,3,161.28,276.88,0,24.0
1837,Fung-wong,2014,5,115.05374908447266,19.61501121520996,20140920,20140924,0,966.0,5,108.59,148.48,0,48.0
1840,Vongfong,2014,1,4.520999908447266,3.057222366333008,20141012,20141012,0,967.0,1,1.71,1.71,0,6.0
1848,Maysak,2015,1,7.552249908447266,4.333125114440918,20150406,20150406,0,968.0,1,10.72,14.36,0,6.0
1850,Noul,2015,1,8.510499000549316,2.617692232131958,20150511,20150511,0,969.0,1,15.39,21.19,0,0.0
1852,Kujira,2015,6,145.87998962402344,32.612361907958984,20150619,20150624,0,970.0,6,72.46,89.46,0,72.0
1854,Linfa,2015,4,95.02597045898438,23.712291717529297,20150706,20150709,0,971.0,4,88.94,166.78,0,60.0
1853,Chan-hom,2015,3,95.66600036621094,31.92662811279297,20150710,20150712,0,972.0,3,145.12,236.76,0,42.0
1858,Soudelor,2015,5,179.5089569091797,54.72241973876953,20150807,20150811,0,973.0,5,206.01,271.39,0,66.0
1860,Goni,2015,2,12.232748985290527,4.188780307769775,20150822,20150823,0,974.0,2,22.45,36.86,0,12.0
1860,Goni,2015,2,77.27999877929688,35.117313385009766,20150826,20150827,0,975.0,2,49.29,92.12,0,12.0
1864,Vamco,2015,3,159.91598510742188,67.27837371826172,20150913,20150915,0,976.0,3,188.72,164.05,0,42.0
1866,Dujuan,2015,3,107.74144744873047,31.0432071685791,20150928,20150930,0,977.0,3,128.72,197.38,0,42.0
1867,Mujigae,2015,3,229.47999572753906,65.16483306884766,20151003,20151005,0,978.0,3,206.66,272.19,0,36.0
1874,(nameless),2016,3,77.17250061035156,16.828397750854492,20160526,20160528,0,979.0,3,71.55,160.23,0,30.0
1875,NEPARTAK,2016,4,113.03497314453125,25.086795806884766,20160707,20160710,0,980.0,3,105.92,184.8,0,42.0
1878,MIRINAE,2016,4,84.74625396728516,21.20159339904785,20160725,20160728,0,981.0,3,74.48,148.92,0,48.0
1879,NIDA,2016,3,124.52249908447266,31.008134841918945,20160801,20160803,0,982.0,3,107.54,211.68,0,30.0
1883,DIANMU,2016,6,227.57875061035156,37.0406379699707,20160815,20160820,0,983.0,6,180.99,438.09,0,84.0
1885,Lionrock,2016,1,43.774986267089844,18.577350616455078,20160830,20160830,0,984.0,1,36.85,46.42,0,0.0
1888,Malou,2016,2,5.594499111175537,2.310464859008789,20160905,20160906,0,985.0,2,16.09,18.22,0,12.0
1890,RAI,2016,2,87.68598937988281,39.379241943359375,20160912,20160913,0,986.0,2,77.63,68.43,0,18.0
1890,RAI,2016,1,8.179998397827148,3.0014288425445557,20160914,20160914,0,987.0,1,1.72,1.78,0,0.0
1889,MERANTI,2016,4,145.6820068359375,46.58623123168945,20160914,20160917,0,988.0,4,177.37,227.53,0,42.0
1891,MALAKAS,2016,4,36.95247268676758,12.048117637634277,20160916,20160919,0,989.0,4,50.07,152.73,0,36.0
1892,MEGI,2016,3,173.01646423339844,52.636207580566406,20160927,20160929,0,990.0,3,206.76,369.32,0,48.0
1893,CHABA,2016,1,4.419998645782471,2.437727212905884,20161004,20161004,0,991.0,1,11.32,17.43,0,12.0
1894,AERE,2016,9,188.23822021484375,78.40618896484375,20161006,20161014,0,992.0,6,122.79,131.04,0,114.0
1896,SARIKA,2016,4,176.43946838378906,60.04152297973633,20161017,20161020,0,994.0,4,169.48,247.0,0,48.0
1897,HAIMA,2016,3,110.89497375488281,28.613527297973633,20161020,20161022,0,995.0,3,91.27,152.08,0,30.0
1903,(nameless),2017,2,11.103998184204102,5.396224498748779,20170419,20170420,0,996.0,2,26.11,20.32,0,12.0
1905,MERBOK,2017,3,70.64250183105469,19.70570945739746,20170611,20170613,0,997.0,3,86.09,186.11,0,24.0
1906,NANMADOL,2017,2,29.331998825073242,12.61821174621582,20170702,20170703,0,998.0,2,37.88,75.64,0,12.0
1907,TALAS,2017,4,86.44747924804688,25.889936447143555,20170714,20170717,0,999.0,4,111.41,206.61,0,48.0
1911,SONCA,2017,5,84.67449188232422,18.860326766967773,20170721,20170725,0,1000.0,5,119.17,73.85,0,108.0
1911,SONCA,2017,3,13.072497367858887,4.614999771118164,20170727,20170729,0,1001.0,2,10.84,13.36,0,30.0
1910,ROKE,2017,2,40.61750030517578,12.178696632385254,20170722,20170723,0,1002.0,2,26.79,90.28,0,21.0
1913,HAITANG,2017,8,127.2512435913086,25.652490615844727,20170727,20170803,0,1004.0,6,129.76,164.32,0,72.0
1912,NESAT,2017,3,163.37997436523438,32.53068923950195,20170729,20170731,0,1005.0,3,129.48,161.84,0,36.0
1916,HATO,2017,4,126.94625854492188,26.67494010925293,20170822,20170825,0,1006.0,4,119.05,157.11,0,36.0
1917,PAKHAR,2017,3,54.42224884033203,14.427375793457031,20170826,20170828,0,1007.0,3,71.26,175.31,0,27.0
1919,MAWAR,2017,5,82.60499572753906,12.373796463012695,20170831,20170904,0,1008.0,5,79.44,169.03,0,60.0
1920,GUCHOL,2017,2,49.022491455078125,16.444791793823242,20170906,20170907,0,1009.0,2,30.91,87.95,0,18.0
1921,TALIM,2017,3,22.820249557495117,5.682586193084717,20170913,20170915,0,1010.0,4,36.04,37.68,0,54.0
1922,DOKSURI,2017,4,79.49500274658203,37.10226058959961,20170913,20170916,0,1011.0,4,118.23,154.07,0,36.0
1923,(nameless),2017,3,47.01499938964844,14.72921085357666,20170923,20170925,0,1012.0,3,40.21,57.81,0,36.0
1924,(nameless),2017,3,152.1099853515625,61.73325729370117,20171008,20171010,0,1013.0,3,132.72,190.5,0,24.0
1925,KHANUN,2017,3,97.45550537109375,39.0318717956543,20171014,20171016,0,1014.0,3,80.67,88.93,0,30.0
1929,HAIKUI,2017,2,38.47224426269531,8.730669021606445,20171112,20171113,0,1015.0,2,57.29,95.85,0,30.0
1937,EWINIAR,2018,8,275.7959899902344,50.191200256347656,20180603,20180610,1,1016.0,8,342.96,260.54,1,111.0
1939,GAEMI,2018,3,48.8069953918457,13.062503814697266,20180613,20180615,0,1017.0,3,70.02,178.13,0,18.0
1940,PRAPIROON,2018,1,1.339750051498413,1.2024999856948853,20180704,20180704,0,1018.0,1,3.43,3.6,0,6.0
1941,MARIA,2018,4,60.60874938964844,18.943859100341797,20180710,20180713,0,1019.0,4,64.36,153.46,0,42.0
1942,SON-TINH,2018,8,191.033203125,23.39705467224121,20180717,20180724,0,1020.0,8,200.11,218.87,1,129.0
1943,AMPIL,2018,6,78.20500183105469,26.438844680786133,20180721,20180726,0,1021.0,6,91.43,194.17,0,24.0
1944,(nameless),2018,3,27.851991653442383,9.822175025939941,20180722,20180724,0,1022.0,3,37.67,90.44,0,12.0
1946,JONGDARI,2018,4,75.7975082397461,23.398048400878906,20180801,20180804,0,1023.0,4,60.94,206.79,0,51.0
1951,BEBINCA,2018,9,362.4694519042969,56.13232421875,20180809,20180817,1,1024.0,9,342.43,235.39,1,189.0
1949,YAGI,2018,5,107.44921875,37.02824020385742,20180811,20180815,0,1025.0,4,125.18,232.6,0,66.0
1953,RUMBIA,2018,6,176.14700317382812,46.55628967285156,20180815,20180820,0,1026.0,6,205.82,342.22,1,84.0
1954,SOULIK,2018,1,1.4964998960494995,1.4183334112167358,20180822,20180822,0,1027.0,1,20.21,45.16,0,6.0
1954,SOULIK,2018,1,19.770998001098633,7.880000591278076,20180823,20180823,0,1028.0,1,25.1,29.85,0,12.0
1954,SOULIK,2018,2,59.578243255615234,28.580476760864258,20180824,20180825,0,1029.0,2,88.51,131.12,0,12.0
1956,(nameless),2018,4,112.81049346923828,29.897838592529297,20180822,20180825,0,1030.0,4,94.33,233.79,0,78.0
1957,JEBI,2018,1,32.59600067138672,11.285842895507812,20180905,20180905,0,1031.0,1,43.8,62.04,0,18.0
1959,BARIJAT,2018,5,42.73874282836914,13.674703598022461,20180909,20180913,0,1032.0,5,30.56,86.62,0,39.0
1958,MANGKHUT,2018,3,138.2550048828125,49.08266067504883,20180915,20180917,0,1033.0,3,152.95,255.5,0,33.0
1961,KONG-REY,2018,2,20.95199203491211,7.056889533996582,20181004,20181005,0,1034.0,1,33.08,48.1,0,18.0
1961,KONG-REY,2018,1,10.967500686645508,10.0600004196167,20181006,20181006,0,1034.0,1,33.08,48.1,0,18.0
1962,YUTU,2018,4,92.92250061035156,32.168949127197266,20181031,20181103,0,1035.0,3,62.79,63.4,0,48.0
1973,MUN,2019,3,60.17499923706055,23.976816177368164,20190702,20190704,0,1036.0,3,72.55,122.38,0,51.0
1974,DANAS,2019,2,4.8782501220703125,2.1350791454315186,20190718,20190719,0,1037.0,3,8.55,12.6,0,24.0
1974,DANAS,2019,4,56.5787467956543,36.319374084472656,20190720,20190723,0,1038.0,3,51.6,59.33,0,36.0
1976,WIPHA,2019,5,208.32875061035156,36.941837310791016,20190730,20190803,0,1039.0,5,281.63,222.32,0,81.0
1977,FRANCISCO,2019,2,34.99250030517578,14.06635856628418,20190807,20190808,0,1040.0,2,23.19,59.69,0,24.0
1978,LEKIMA,2019,7,195.615966796875,59.63916778564453,20190808,20190814,1,1041.0,7,241.36,359.98,1,96.0
1979,KROSA,2019,2,35.41550064086914,22.60984230041504,20190816,20190817,0,1042.0,1,90.41,92.32,0,6.0
1980,BAILU,2019,3,122.30625915527344,31.041728973388672,20190824,20190826,0,1043.0,3,121.17,164.04,0,33.0
1981,PODUL,2019,3,60.2650032043457,19.892885208129883,20190828,20190830,0,1044.0,3,55.67,75.43,0,30.0
1983,KAJIKI,2019,8,291.8849792480469,67.2364273071289,20190831,20190907,1,1045.0,8,253.44,219.76,1,123.0
1982,LINGLING,2019,4,58.346004486083984,28.229848861694336,20190905,20190908,0,1046.0,4,70.88,92.2,0,18.0
1985,(nameless),2019,2,18.344999313354492,7.9726643562316895,20190907,20190908,0,1047.0,4,28.21,91.24,0,42.0
1985,(nameless),2019,2,7.929999828338623,4.999054431915283,20190909,20190910,0,1047.0,4,28.21,91.24,0,42.0
1987,TAPAH,2019,2,8.582500457763672,2.9001810550689697,20190921,20190922,0,1048.0,2,98.4,95.71,0,24.0
1988,MITAG,2019,3,177.04501342773438,53.877742767333984,20190930,20191002,0,1049.0,3,145.43,208.32,0,36.0
1988,MITAG,2019,1,1.3457499742507935,1.18874990940094,20191003,20191003,0,1049.0,3,145.43,208.32,0,36.0
1997,FUNG-WONG,2019,2,8.503000259399414,3.5148041248321533,20191123,20191124,0,1050.0,2,7.96,13.05,0,6.0
2000,Vongfong,2020,1,42.647499084472656,12.054999351501465,20200517,20200517,0,1051.0,2,9.86,12.46,0,18.0
2001,Nuri,2020,2,68.78900909423828,18.064945220947266,20200613,20200614,0,1052.0,2,34.69,146.95,0,18.0
2002,Sinlaku,2020,4,168.0187225341797,41.44184112548828,20200731,20200803,0,1053.0,4,82.64,143.47,0,45.0
2003,Hagupit,2020,5,145.51846313476562,35.88618469238281,20200802,20200806,0,1054.0,5,83.17,199.76,0,39.0
2004,Jangmi,2020,2,12.84449577331543,5.320460319519043,20200810,20200811,0,1056.0,2,7.32,14.3,0,12.0
2005,Mekkhala,2020,2,80.28397369384766,21.034488677978516,20200810,20200811,0,1057.0,2,38.74,146.35,0,15.0
2007,Higos,2020,3,115.24295043945312,30.66340446472168,20200817,20200819,0,1058.0,3,67.66,131.89,0,33.0
2008,Bavi,2020,8,100.00299835205078,38.07241439819336,20200821,20200828,0,1060.0,4,73.86,196.54,0,24.0
2009,Maysak,2020,2,8.880996704101562,3.828124761581421,20200901,20200902,0,1061.0,2,35.77,43.82,0,24.0
2009,Maysak,2020,4,110.56874084472656,48.25770950317383,20200903,20200906,0,1062.0,4,108.02,156.34,0,42.0
2010,Haishen,2020,2,112.63674926757812,59.71791076660156,20200907,20200908,0,1063.0,2,88.49,158.25,0,18.0
2011,Noul,2020,2,120.68048858642578,44.691646575927734,20200917,20200918,0,1064.0,2,105.47,99.28,0,18.0
2015,Linfa,2020,3,102.88249969482422,39.50238037109375,20201010,20201012,0,1065.0,3,20.1,26.37,0,24.0
2016,Nangka,2020,3,273.4471435546875,71.53227996826172,20201012,20201014,0,1066.0,3,134.27,208.2,0,39.0
2017,(nameless),2020,2,128.84349060058594,49.99811553955078,20201015,20201016,0,1067.0,2,81.49,81.31,0,12.0
2018,Saudel,2020,4,74.28498840332031,19.480560302734375,20201023,20201026,0,1069.0,3,61.61,77.73,0,54.0
2020,Molave,2020,2,102.95697784423828,40.2503776550293,20201027,20201028,0,1070.0,1,95.32,157.7,0,12.0
2021,Goni,2020,2,33.693241119384766,16.350587844848633,20201105,20201106,0,1071.0,2,5.11,5.11,0,6.0
2022,Atsani,2020,2,11.904997825622559,3.6369998455047607,20201106,20201107,0,1072.0,1,3.2,5.24,0,12.0
2024,Vamco,2020,4,92.83595275878906,26.698936462402344,20201113,20201116,0,1073.0,4,102.98,150.92,0,42.0
2029,Choi-wan,2021,2,30.33699607849121,13.112188339233398,20210604,20210605,0,1074.0,3,29.74,37.6,0,18.0
2030,Koguma,2021,3,57.56074523925781,15.667695999145508,20210611,20210613,0,1075.0,3,51.91,58.0,0,39.0
2032,(nameless),2021,3,47.87200164794922,11.575222969055176,20210706,20210708,0,1076.0,3,58.89,150.71,0,30.0
2034,Cempaka,2021,8,152.760009765625,17.97165870666504,20210717,20210724,0,1077.0,8,122.61,147.07,0,138.0
2033,In-fa,2021,9,192.04124450683594,41.10433578491211,20210723,20210731,1,1078.0,9,229.16,260.15,1,114.0
2035,Nepartak,2021,3,13.637747764587402,5.487499713897705,20210729,20210731,0,1079.0,2,2.55,3.58,0,30.0
2036,Lupit,2021,6,161.35693359375,27.421283721923828,20210802,20210807,0,1080.0,6,157.27,213.58,0,102.0
2036,Lupit,2021,1,1.496999979019165,1.2899999618530273,20210808,20210808,0,1080.0,6,157.27,213.58,0,102.0
2037,Mirinae,2021,2,36.33099365234375,20.506248474121094,20210803,20210804,0,1081.0,2,71.62,72.32,0,6.0
2039,Omais,2021,2,15.31199836730957,5.169871807098389,20210822,20210823,0,1082.0,2,16.72,27.33,0,12.0
2039,Omais,2021,1,10.048749923706055,4.988824844360352,20210824,20210824,0,1083.0,1,4.64,4.69,0,12.0
2041,Conson,2021,5,84.97599792480469,39.97356033325195,20210909,20210913,0,1084.0,4,88.48,81.93,0,84.0
2042,Chanthu,2021,6,178.48471069335938,29.69341278076172,20210911,20210916,0,1085.0,6,148.31,182.22,0,96.0
2043,Dianmu,2021,2,78.6449966430664,25.37457847595215,20210923,20210924,0,1086.0,2,78.21,81.28,0,24.0
2045,Lionrock,2021,5,216.7135009765625,58.99285125732422,20211006,20211010,0,1087.0,5,260.86,263.8,0,75.0
2046,Kompasu,2021,3,99.9429931640625,24.37208366394043,20211012,20211014,0,1089.0,2,91.01,163.82,0,36.0
2051,Rai,2021,3,63.75298309326172,48.64128875732422,20211219,20211221,0,1090.0,3,63.84,95.74,0,12.0
2054,Chaba,2022,8,174.3225860595703,43.35906219482422,20220630,20220707,0,1091.0,8,165.87,228.78,0,45.0
2056,Songda,2022,4,42.290992736816406,17.813356399536133,20220730,20220802,0,1092.0,4,30.64,132.72,0,60.0
2057,Trases,2022,1,6.347499370574951,3.0230906009674072,20220801,20220801,0,1093.0,1,10.73,12.36,0,6.0
2058,(nameless),2022,2,94.01742553710938,23.05000877380371,20220803,20220804,0,1094.0,2,77.51,191.56,0,24.0
2059,Mulan,2022,4,154.29074096679688,30.803470611572266,20220808,20220811,0,1095.0,4,115.09,163.94,0,39.0
2061,Ma-on,2022,3,118.59502410888672,19.646692276000977,20220824,20220826,0,1096.0,3,76.07,197.93,0,30.0
2063,Hinnamnor,2022,3,20.757497787475586,8.011824607849121,20220903,20220905,0,1097.0,3,79.24,88.06,0,30.0
2063,Hinnamnor,2022,1,47.864994049072266,31.64992332458496,20220906,20220906,0,1098.0,1,42.55,54.78,0,12.0
2065,Muifa,2022,5,121.11251831054688,39.551910400390625,20220912,20220916,0,1099.0,5,187.25,188.18,0,36.0
2069,Noru,2022,3,112.69474792480469,40.989471435546875,20220926,20220928,0,1100.0,3,118.4,89.17,0,30.0
2073,Sonca,2022,2,46.777000427246094,19.416458129882812,20221014,20221015,0,1101.0,2,10.58,15.66,0,18.0
2074,Nesat,2022,5,206.57498168945312,56.764625549316406,20221016,20221020,0,1103.0,3,222.14,182.62,0,54.0
2076,(nameless),2022,2,5.669499397277832,3.708035707473755,20221022,20221023,0,1104.0,1,3.48,3.96,0,6.0
2077,Nalgae,2022,4,143.572998046875,28.132204055786133,20221031,20221103,0,1105.0,3,62.27,120.58,0,42.0
2085,TALIM,2023,4,155.80374145507812,42.30668640136719,20230715,20230718,0,1106.0,4,155.74,189.75,0,48.0
2086,DOKSURI,2023,6,181.51576232910156,32.104679107666016,20230726,20230731,0,1107.0,5,206.62,288.3,0,45.0
2087,KHANUN,2023,3,10.219246864318848,3.8861489295959473,20230802,20230804,0,1108.0,4,15.69,22.42,0,48.0
2087,KHANUN,2023,2,47.878997802734375,17.498615264892578,20230810,20230811,0,1109.0,2,34.88,40.44,0,18.0
2088,LAN,2023,2,6.708996772766113,8.459999084472656,20230816,20230817,0,1110.0,2,2.68,7.88,0,12.0
2090,SAOLA,2023,6,153.3839874267578,31.60729217529297,20230830,20230904,0,1111.0,6,147.07,212.54,0,72.0
2092,HAIKUI,2023,9,270.39892578125,34.91767501831055,20230902,20230910,1,1112.0,9,258.3,294.2,1,144.0
2095,(nameless),2023,3,177.5549774169922,79.82614135742188,20230924,20230926,0,1113.0,3,150.93,191.37,0,24.0
2096,KOINU,2023,6,127.35501098632812,22.865537643432617,20231004,20231009,0,1114.0,6,91.85,245.51,0,102.0
2098,SANBA,2023,4,318.92694091796875,61.39003372192383,20231017,20231020,0,1115.0,4,289.76,272.18,0,63.0
2102,MALIKSI,2024,4,105.42022705078125,22.916473388671875,20240530,20240602,0,1116.0,4,101.17,151.84,0,39.0
2103,(nameless),2024,2,71.62174224853516,34.4500732421875,20240714,20240715,0,1117.0,2,80.32,82.97,0,18.0
2105,PRAPIROON,2024,6,127.77300262451172,32.04166030883789,20240720,20240725,0,1118.0,6,109.03,171.1,0,96.0
2104,GAEMI,2024,6,193.45150756835938,40.974082946777344,20240723,20240728,0,1119.0,5,210.22,297.75,0,72.0
2110,JONGDARI,2024,3,111.64395141601562,33.97810363769531,20240819,20240821,0,1120.0,3,72.01,105.31,0,6.0
2112,YAGI,2024,5,192.28692626953125,45.2318115234375,20240904,20240908,0,1121.0,5,218.26,233.71,0,60.0
2114,BEBINCA,2024,4,97.3292465209961,25.052343368530273,20240915,20240918,0,1122.0,4,153.77,203.07,0,63.0
2116,SOULIK,2024,4,112.31149291992188,32.348506927490234,20240917,20240920,0,1123.0,4,199.47,243.93,0,42.0
2115,PULASAN,2024,4,86.7849349975586,19.14773178100586,20240918,20240921,0,1124.0,4,73.38,173.43,0,51.0
2117,(nameless),2024,3,141.25570678710938,36.432308197021484,20240920,20240922,0,1125.0,3,73.85,203.2,0,30.0
2120,KRATHON,2024,3,33.685001373291016,9.92643928527832,20241001,20241003,0,1126.0,4,15.85,27.91,0,48.0
2122,TRAMI,2024,5,334.251220703125,121.38600158691406,20241025,20241029,0,1127.0,4,414.89,338.73,0,78.0
2123,KONG-REY,2024,2,122.6697006225586,40.7011604309082,20241031,20241101,0,1128.0,2,163.75,214.11,0,18.0
2124,YINXING,2024,4,25.51999855041504,7.78085470199585,20241108,20241111,0,1129.0,3,4.02,5.78,0,30.0
2125,TORAJI,2024,4,47.517494201660156,11.746809959411621,20241112,20241115,0,1130.0,3,48.37,66.09,0,60.0
2127,USAGI,2024,1,14.580992698669434,5.429190635681152,20241115,20241115,0,1131.0,2,13.03,56.44,0,24.0
2126,MAN-YI,2024,3,50.374996185302734,22.762069702148438,20241118,20241120,0,1132.0,3,19.06,39.31,0,30.0
