event_id,tc_id,date
1,3,19600426
1,3,19600427
2,6,19600604
2,6,19600605
2,6,19600606
2,6,19600607
2,6,19600608
2,6,19600609
2,6,19600610
3,8,19600625
3,8,19600626
3,8,19600627
4,7,19600628
4,7,19600629
4,7,19600630
4,7,19600701
5,9,19600726
5,9,19600727
5,9,19600728
5,9,19600729
5,9,19600730
5,9,19600731
6,11,19600730
6,11,19600731
6,11,19600801
6,11,19600802
6,11,19600803
6,11,19600804
6,11,19600805
6,11,19600806
7,12,19600730
7,12,19600731
7,12,19600801
7,12,19600802
7,12,19600803
8,13,19600807
8,13,19600808
8,13,19600809
8,13,19600810
8,13,19600811
8,13,19600812
8,13,19600813
8,13,19600814
9,15,19600807
10,14,19600808
10,14,19600809
10,14,19600810
11,20,19600813
11,20,19600814
11,20,19600815
11,20,19600816
12,19,19600814
12,19,19600815
13,25,19600817
13,25,19600818
13,25,19600819
13,25,19600820
13,25,19600821
13,25,19600822
13,25,19600823
13,25,19600824
13,25,19600825
13,25,19600826
14,23,19600821
14,23,19600822
14,23,19600823
14,23,19600824
15,24,19600830
16,28,19600831
17,27,19600903
17,27,19600904
17,27,19600905
18,30,19600917
18,30,19600918
19,31,19600918
19,31,19600919
19,31,19600920
20,32,19600922
20,32,19600923
20,32,19600924
20,32,19600925
20,32,19600926
20,32,19600927
21,35,19601010
21,35,19601011
21,35,19601012
21,35,19601013
22,36,19601015
22,36,19601016
22,36,19601017
23,45,19610517
23,45,19610518
23,45,19610519
23,45,19610520
24,48,19610525
24,48,19610526
24,48,19610527
25,48,19610528
25,48,19610529
25,48,19610530
26,46,19610526
26,46,19610527
26,46,19610528
27,47,19610526
27,47,19610527
28,50,19610603
28,50,19610604
28,50,19610605
28,50,19610606
28,50,19610607
28,50,19610608
29,49,19610605
29,49,19610606
30,51,19610623
30,51,19610624
30,51,19610625
30,51,19610626
31,55,19610630
31,55,19610701
32,54,19610701
32,54,19610702
33,57,19610713
33,57,19610714
33,57,19610715
33,57,19610716
34,58,19610718
34,58,19610719
34,58,19610720
35,59,19610724
36,59,19610725
37,60,19610802
38,60,19610803
38,60,19610804
38,60,19610805
39,62,19610806
39,62,19610807
39,62,19610808
40,63,19610810
41,64,19610810
41,64,19610811
42,66,19610819
42,66,19610820
43,67,19610819
43,67,19610820
43,67,19610821
44,68,19610824
44,68,19610825
44,68,19610826
44,68,19610827
44,68,19610828
45,71,19610829
45,71,19610830
45,71,19610831
45,71,19610901
46,72,19610907
46,72,19610908
46,72,19610909
46,72,19610910
46,72,19610911
47,73,19610911
47,73,19610912
47,73,19610913
48,75,19610923
48,75,19610924
48,75,19610925
49,76,19610928
49,76,19610929
49,76,19610930
50,77,19611003
50,77,19611004
50,77,19611005
51,80,19611012
51,80,19611013
52,82,19611019
52,82,19611020
53,91,19620522
53,91,19620523
53,91,19620524
53,91,19620525
54,93,19620709
55,93,19620710
56,93,19620711
57,94,19620710
57,94,19620711
57,94,19620712
58,95,19620721
58,95,19620722
58,95,19620723
58,95,19620724
58,95,19620725
58,95,19620726
59,97,19620731
59,97,19620801
59,97,19620802
59,97,19620803
60,99,19620731
61,100,19620805
61,100,19620806
61,100,19620807
61,100,19620808
62,100,19620809
63,101,19620809
63,101,19620810
63,101,19620811
63,101,19620812
64,103,19620819
64,103,19620820
65,106,19620830
65,106,19620831
65,106,19620901
65,106,19620902
65,106,19620903
65,106,19620904
65,106,19620905
66,107,19620904
66,107,19620905
66,107,19620906
66,107,19620907
66,107,19620908
67,109,19620915
67,109,19620916
67,109,19620917
68,110,19620920
68,110,19620921
68,110,19620922
68,110,19620923
69,113,19620926
69,113,19620927
70,114,19621003
70,114,19621004
71,120,19621109
71,120,19621110
71,120,19621111
71,120,19621112
71,120,19621113
71,120,19621114
72,128,19630606
73,129,19630618
73,129,19630619
74,129,19630620
74,129,19630621
75,130,19630629
75,130,19630630
75,130,19630701
76,132,19630716
76,132,19630717
76,132,19630718
76,132,19630719
77,133,19630718
77,133,19630719
78,134,19630719
78,134,19630720
79,136,19630721
79,136,19630722
79,136,19630723
79,136,19630724
79,136,19630725
80,138,19630729
80,138,19630730
80,138,19630731
80,138,19630801
80,138,19630802
81,139,19630815
81,139,19630816
81,139,19630817
81,139,19630818
82,140,19630821
82,140,19630822
82,140,19630823
82,140,19630824
83,143,19630828
83,143,19630829
83,143,19630830
83,143,19630831
84,145,19630902
84,145,19630903
85,144,19630905
85,144,19630906
85,144,19630907
85,144,19630908
85,144,19630909
86,146,19630910
86,146,19630911
86,146,19630912
86,146,19630913
86,146,19630914
86,146,19630915
87,149,19630922
88,151,19631003
88,151,19631004
88,151,19631005
89,161,19640523
89,161,19640524
89,161,19640525
89,161,19640526
89,161,19640527
89,161,19640528
89,161,19640529
89,161,19640530
90,162,19640701
90,162,19640702
90,162,19640703
91,164,19640704
91,164,19640705
91,164,19640706
92,168,19640727
92,168,19640728
92,168,19640729
92,168,19640730
92,168,19640731
92,168,19640801
93,170,19640802
93,170,19640803
93,170,19640804
93,170,19640805
94,171,19640808
94,171,19640809
94,171,19640810
95,172,19640813
95,172,19640814
95,172,19640815
95,172,19640816
95,172,19640817
95,172,19640818
96,177,19640821
96,177,19640822
96,177,19640823
96,177,19640824
97,178,19640904
97,178,19640905
97,178,19640906
98,179,19640909
98,179,19640910
98,179,19640911
99,180,19640914
99,180,19640915
99,180,19640916
99,180,19640917
99,180,19640918
99,180,19640919
99,180,19640920
99,180,19640921
99,180,19640922
99,180,19640923
100,181,19640914
100,181,19640915
100,181,19640916
101,182,19640917
102,185,19640926
102,185,19640927
103,186,19640930
103,186,19641001
104,187,19641006
104,187,19641007
104,187,19641008
105,188,19641011
105,188,19641012
105,188,19641013
105,188,19641014
105,188,19641015
106,191,19641022
106,191,19641023
106,191,19641024
107,193,19641103
107,193,19641104
108,209,19650529
109,210,19650531
109,210,19650601
109,210,19650602
109,210,19650603
109,210,19650604
109,210,19650605
110,211,19650609
110,211,19650610
110,211,19650611
110,211,19650612
111,212,19650618
111,212,19650619
112,214,19650702
112,214,19650703
113,217,19650710
113,217,19650711
113,217,19650712
114,216,19650714
114,216,19650715
114,216,19650716
115,218,19650720
116,218,19650721
116,218,19650722
116,218,19650723
116,218,19650724
117,220,19650726
117,220,19650727
117,220,19650728
117,220,19650729
118,221,19650726
119,222,19650806
119,222,19650807
119,222,19650808
120,226,19650814
120,226,19650815
120,226,19650816
120,226,19650817
120,226,19650818
120,226,19650819
121,225,19650818
121,225,19650819
121,225,19650820
121,225,19650821
121,225,19650822
121,225,19650823
122,229,19650901
122,229,19650902
123,230,19650903
123,230,19650904
123,230,19650905
123,230,19650906
124,235,19650925
124,235,19650926
124,235,19650927
124,235,19650928
124,235,19650929
125,239,19651109
125,239,19651110
125,239,19651111
125,239,19651112
125,239,19651113
126,245,19660528
126,245,19660529
126,245,19660530
126,245,19660531
127,247,19660712
127,247,19660713
127,247,19660714
128,248,19660716
128,248,19660717
128,248,19660718
129,249,19660719
129,249,19660720
130,252,19660724
130,252,19660725
130,252,19660726
130,252,19660727
131,250,19660729
131,250,19660730
132,253,19660731
132,253,19660801
132,253,19660802
132,253,19660803
133,256,19660814
133,256,19660815
134,256,19660816
134,256,19660817
134,256,19660818
135,257,19660814
135,257,19660815
135,257,19660816
135,257,19660817
135,257,19660818
135,257,19660819
136,259,19660824
136,259,19660825
136,259,19660826
136,259,19660827
136,259,19660828
137,260,19660829
137,260,19660830
138,260,19660831
139,263,19660901
139,263,19660902
140,261,19660902
140,261,19660903
140,261,19660904
141,262,19660905
141,262,19660906
141,262,19660907
141,262,19660908
141,262,19660909
142,266,19660909
142,266,19660910
143,266,19660913
143,266,19660914
143,266,19660915
143,266,19660916
144,268,19660913
145,290,19670409
145,290,19670410
145,290,19670411
145,290,19670412
146,294,19670625
146,294,19670626
147,293,19670629
147,293,19670630
148,295,19670707
148,295,19670708
149,296,19670710
149,296,19670711
149,296,19670712
150,297,19670722
151,299,19670726
152,299,19670727
152,299,19670728
152,299,19670729
152,299,19670730
152,299,19670731
153,302,19670727
153,302,19670728
154,302,19670730
154,302,19670731
154,302,19670801
154,302,19670802
154,302,19670803
154,302,19670804
155,304,19670730
155,304,19670731
156,307,19670809
156,307,19670810
156,307,19670811
157,309,19670815
157,309,19670816
157,309,19670817
157,309,19670818
158,311,19670819
158,311,19670820
158,311,19670821
158,311,19670822
159,315,19670825
159,315,19670826
160,314,19670829
160,314,19670830
161,316,19670829
161,316,19670830
161,316,19670831
162,317,19670829
162,317,19670830
163,319,19670903
163,319,19670904
163,319,19670905
163,319,19670906
163,319,19670907
164,323,19670914
165,328,19670921
165,328,19670922
165,328,19670923
165,328,19670924
166,331,19671008
167,333,19671018
167,333,19671019
167,333,19671020
168,335,19671106
169,335,19671107
169,335,19671108
170,337,19671118
170,337,19671119
171,338,19671118
171,338,19671119
172,345,19680603
172,345,19680604
173,345,19680605
173,345,19680606
174,351,19680723
174,351,19680724
175,351,19680726
176,349,19680725
176,349,19680726
176,349,19680727
176,349,19680728
177,350,19680725
178,354,19680803
178,354,19680804
178,354,19680805
178,354,19680806
179,356,19680811
179,356,19680812
179,356,19680813
180,355,19680813
180,355,19680814
180,355,19680815
181,355,19680816
181,355,19680817
181,355,19680818
182,358,19680820
182,358,19680821
182,358,19680822
182,358,19680823
183,365,19680829
183,365,19680830
183,365,19680831
183,365,19680901
183,365,19680902
183,365,19680903
183,365,19680904
183,365,19680905
183,365,19680906
183,365,19680907
183,365,19680908
183,365,19680909
183,365,19680910
184,362,19680905
184,362,19680906
184,362,19680907
184,362,19680908
184,362,19680909
185,363,19680906
186,369,19680929
186,369,19680930
186,369,19681001
186,369,19681002
187,385,19690710
187,385,19690711
188,388,19690722
188,388,19690723
188,388,19690724
188,388,19690725
189,387,19690727
189,387,19690728
189,387,19690729
189,387,19690730
189,387,19690731
190,389,19690802
191,391,19690807
191,391,19690808
191,391,19690809
191,391,19690810
191,391,19690811
192,393,19690831
192,393,19690901
192,393,19690902
192,393,19690903
193,396,19690909
193,396,19690910
193,396,19690911
193,396,19690912
194,398,19690913
194,398,19690914
194,398,19690915
195,400,19690926
195,400,19690927
195,400,19690928
195,400,19690929
195,400,19690930
196,402,19691002
196,402,19691003
196,402,19691004
197,404,19691004
198,415,19700612
198,415,19700613
198,415,19700614
199,415,19700615
199,415,19700616
200,416,19700614
200,416,19700615
201,416,19700616
201,416,19700617
202,417,19700620
202,417,19700621
202,417,19700622
202,417,19700623
202,417,19700624
203,419,19700703
204,421,19700715
204,421,19700716
204,421,19700717
205,427,19700801
205,427,19700802
205,427,19700803
205,427,19700804
205,427,19700805
206,428,19700801
206,428,19700802
207,431,19700808
207,431,19700809
207,431,19700810
208,434,19700816
208,434,19700817
208,434,19700818
208,434,19700819
209,433,19700821
209,433,19700822
210,437,19700829
210,437,19700830
210,437,19700831
210,437,19700901
211,440,19700830
211,440,19700831
211,440,19700901
211,440,19700902
211,440,19700903
211,440,19700904
212,443,19700903
212,443,19700904
212,443,19700905
213,442,19700905
214,441,19700906
214,441,19700907
214,441,19700908
214,441,19700909
214,441,19700910
215,444,19700912
215,444,19700913
215,444,19700914
215,444,19700915
216,448,19700927
217,449,19701002
218,451,19701003
218,451,19701004
219,451,19701005
219,451,19701006
219,451,19701007
219,451,19701008
220,453,19701015
220,453,19701016
220,453,19701017
220,453,19701018
221,454,19701024
221,454,19701025
222,457,19701106
222,457,19701107
222,457,19701108
223,460,19701121
223,460,19701122
224,467,19710501
224,467,19710502
224,467,19710503
224,467,19710504
225,469,19710505
226,472,19710528
226,472,19710529
226,472,19710530
226,472,19710531
227,475,19710614
227,475,19710615
227,475,19710616
227,475,19710617
228,474,19710616
228,474,19710617
228,474,19710618
228,474,19710619
229,476,19710626
229,476,19710627
229,476,19710628
229,476,19710629
230,477,19710705
230,477,19710706
230,477,19710707
231,479,19710711
231,479,19710712
231,479,19710713
232,480,19710716
232,480,19710717
232,480,19710718
233,482,19710720
233,482,19710721
234,481,19710721
234,481,19710722
234,481,19710723
235,484,19710725
235,484,19710726
235,484,19710727
236,485,19710806
237,485,19710807
238,486,19710809
238,486,19710810
239,486,19710811
240,487,19710810
241,488,19710815
241,488,19710816
241,488,19710817
242,492,19710830
242,492,19710831
242,492,19710901
243,495,19710918
243,495,19710919
244,498,19710922
244,498,19710923
244,498,19710924
244,498,19710925
244,498,19710926
245,500,19710928
245,500,19710929
245,500,19710930
246,501,19710929
246,501,19710930
247,502,19711007
247,502,19711008
247,502,19711009
248,507,19711023
249,519,19720602
249,519,19720603
249,519,19720604
250,521,19720609
250,521,19720610
250,521,19720611
250,521,19720612
251,522,19720626
251,522,19720627
251,522,19720628
252,525,19720705
252,525,19720706
252,525,19720707
252,525,19720708
253,524,19720708
253,524,19720709
253,524,19720710
253,524,19720711
253,524,19720712
253,524,19720713
253,524,19720714
253,524,19720715
253,524,19720716
253,524,19720717
254,523,19720722
255,523,19720725
256,523,19720726
256,523,19720727
256,523,19720728
256,523,19720729
256,523,19720730
257,527,19720724
257,527,19720725
258,530,19720801
258,530,19720802
258,530,19720803
258,530,19720804
259,532,19720816
259,532,19720817
259,532,19720818
259,532,19720819
259,532,19720820
260,533,19720824
260,533,19720825
260,533,19720826
260,533,19720827
260,533,19720828
260,533,19720829
261,535,19720901
261,535,19720902
261,535,19720903
261,535,19720904
262,537,19720913
262,537,19720914
262,537,19720915
262,537,19720916
262,537,19720917
263,543,19721001
263,543,19721002
263,543,19721003
264,547,19721107
264,547,19721108
264,547,19721109
265,550,19721210
266,552,19730701
266,552,19730702
266,552,19730703
266,552,19730704
266,552,19730705
266,552,19730706
267,553,19730707
267,553,19730708
267,553,19730709
268,555,19730714
268,555,19730715
268,555,19730716
268,555,19730717
268,555,19730718
268,555,19730719
269,555,19730720
270,554,19730716
270,554,19730717
270,554,19730718
270,554,19730719
270,554,19730720
271,559,19730806
271,559,19730807
271,559,19730808
271,559,19730809
271,559,19730810
271,559,19730811
271,559,19730812
271,559,19730813
271,559,19730814
271,559,19730815
272,560,19730816
273,560,19730817
273,560,19730818
274,563,19730820
274,563,19730821
274,563,19730822
274,563,19730823
275,564,19730820
275,564,19730821
276,565,19730822
276,565,19730823
276,565,19730824
276,565,19730825
276,565,19730826
276,565,19730827
277,566,19730825
277,566,19730826
277,566,19730827
278,567,19730828
278,567,19730829
278,567,19730830
278,567,19730831
278,567,19730901
278,567,19730902
278,567,19730903
279,568,19730904
279,568,19730905
279,568,19730906
279,568,19730907
279,568,19730908
280,569,19730913
280,569,19730914
280,569,19730915
281,570,19730921
281,570,19730922
281,570,19730923
282,572,19731007
282,572,19731008
283,571,19731009
283,571,19731010
284,573,19731013
284,573,19731014
284,573,19731015
285,574,19731017
285,574,19731018
285,574,19731019
285,574,19731020
286,578,19731125
286,578,19731126
287,586,19740605
287,586,19740606
287,586,19740607
287,586,19740608
288,587,19740611
288,587,19740612
288,587,19740613
288,587,19740614
289,590,19740705
289,590,19740706
290,590,19740707
291,593,19740718
291,593,19740719
291,593,19740720
292,594,19740721
292,594,19740722
292,594,19740723
293,598,19740809
293,598,19740810
293,598,19740811
293,598,19740812
293,598,19740813
294,603,19740812
294,603,19740813
294,603,19740814
294,603,19740815
294,603,19740816
295,599,19740818
295,599,19740819
295,599,19740820
295,599,19740821
296,600,19740820
296,600,19740821
297,601,19740820
297,601,19740821
297,601,19740822
297,601,19740823
298,607,19740826
298,607,19740827
299,608,19740828
299,608,19740829
299,608,19740830
299,608,19740831
299,608,19740901
300,606,19740902
300,606,19740903
300,606,19740904
301,609,19740902
302,610,19740903
302,610,19740904
302,610,19740905
302,610,19740906
302,610,19740907
303,613,19740927
303,613,19740928
303,613,19740929
303,613,19740930
304,615,19741013
304,615,19741014
305,616,19741017
305,616,19741018
305,616,19741019
305,616,19741020
306,617,19741025
306,617,19741026
306,617,19741027
307,618,19741029
307,618,19741030
307,618,19741031
308,619,19741103
308,619,19741104
309,620,19741108
309,620,19741109
309,620,19741110
310,622,19741130
310,622,19741201
310,622,19741202
310,622,19741203
311,625,19750126
311,625,19750127
312,627,19750614
312,627,19750615
312,627,19750616
312,627,19750617
312,627,19750618
312,627,19750619
313,629,19750730
314,630,19750802
314,630,19750803
314,630,19750804
314,630,19750805
314,630,19750806
314,630,19750807
314,630,19750808
315,631,19750805
315,631,19750806
315,631,19750807
316,632,19750806
316,632,19750807
317,634,19750809
317,634,19750810
317,634,19750811
317,634,19750812
317,634,19750813
317,634,19750814
317,634,19750815
318,633,19750811
318,633,19750812
318,633,19750813
318,633,19750814
318,633,19750815
318,633,19750816
318,633,19750817
319,635,19750815
319,635,19750816
320,637,19750816
320,637,19750817
321,636,19750818
322,638,19750823
322,638,19750824
322,638,19750825
322,638,19750826
323,640,19750827
323,640,19750828
323,640,19750829
323,640,19750830
323,640,19750831
324,643,19750907
324,643,19750908
324,643,19750909
325,645,19750919
325,645,19750920
326,646,19750922
326,646,19750923
326,646,19750924
327,648,19751003
327,648,19751004
327,648,19751005
327,648,19751006
327,648,19751007
328,649,19751013
328,649,19751014
329,650,19751022
329,650,19751023
330,652,19751104
331,662,19760526
332,665,19760620
332,665,19760621
332,665,19760622
333,666,19760626
333,666,19760627
333,666,19760628
333,666,19760629
334,669,19760721
334,669,19760722
334,669,19760723
334,669,19760724
334,669,19760725
334,669,19760726
334,669,19760727
335,671,19760724
336,670,19760725
336,670,19760726
337,674,19760803
337,674,19760804
337,674,19760805
337,674,19760806
337,674,19760807
338,672,19760809
338,672,19760810
338,672,19760811
338,672,19760812
339,673,19760811
339,673,19760812
339,673,19760813
340,675,19760820
340,675,19760821
340,675,19760822
341,676,19760823
341,676,19760824
341,676,19760825
342,680,19760912
343,680,19760917
343,680,19760918
343,680,19760919
343,680,19760920
343,680,19760921
343,680,19760922
343,680,19760923
343,680,19760924
343,680,19760925
343,680,19760926
343,680,19760927
343,680,19760928
343,680,19760929
343,680,19760930
343,680,19761001
344,677,19760914
345,684,19761110
346,690,19770615
346,690,19770616
346,690,19770617
347,691,19770704
347,691,19770705
347,691,19770706
348,692,19770705
349,693,19770719
349,693,19770720
349,693,19770721
349,693,19770722
350,694,19770724
350,694,19770725
350,694,19770726
350,694,19770727
351,695,19770730
351,695,19770731
351,695,19770801
351,695,19770802
351,695,19770803
352,699,19770820
352,699,19770821
352,699,19770822
352,699,19770823
353,700,19770820
353,700,19770821
354,701,19770821
354,701,19770822
355,702,19770822
356,705,19770903
356,705,19770904
357,705,19770905
357,705,19770906
358,706,19770910
358,706,19770911
359,707,19770918
359,707,19770919
360,707,19770921
361,707,19770922
362,707,19770925
362,707,19770926
362,707,19770927
363,709,19770924
363,709,19770925
364,720,19780424
364,720,19780425
365,721,19780618
365,721,19780619
366,722,19780624
367,723,19780624
367,723,19780625
367,723,19780626
367,723,19780627
368,724,19780701
369,724,19780702
370,726,19780722
370,726,19780723
370,726,19780724
370,726,19780725
371,729,19780723
371,729,19780724
371,729,19780725
371,729,19780726
371,729,19780727
371,729,19780728
371,729,19780729
371,729,19780730
371,729,19780731
372,727,19780728
372,727,19780729
372,727,19780730
372,727,19780731
372,727,19780801
373,730,19780808
374,731,19780809
374,731,19780810
374,731,19780811
374,731,19780812
375,731,19780813
376,733,19780812
376,733,19780813
377,732,19780815
377,732,19780816
377,732,19780817
377,732,19780818
377,732,19780819
378,734,19780816
379,736,19780826
379,736,19780827
379,736,19780828
380,738,19780905
380,738,19780906
381,740,19780910
381,740,19780911
381,740,19780912
381,740,19780913
381,740,19780914
381,740,19780915
382,742,19780910
382,742,19780911
382,742,19780912
382,742,19780913
382,742,19780914
383,743,19780918
383,743,19780919
383,743,19780920
384,744,19780924
384,744,19780925
384,744,19780926
384,744,19780927
385,745,19780929
385,745,19780930
385,745,19781001
385,745,19781002
385,745,19781003
385,745,19781004
386,749,19781014
387,747,19781015
387,747,19781016
387,747,19781017
388,763,19790517
389,763,19790520
390,764,19790519
390,764,19790520
390,764,19790521
390,764,19790522
391,765,19790618
391,765,19790619
391,765,19790620
391,765,19790621
391,765,19790622
391,765,19790623
391,765,19790624
392,766,19790704
392,766,19790705
392,766,19790706
392,766,19790707
393,768,19790726
393,768,19790727
394,770,19790728
394,770,19790729
394,770,19790730
395,769,19790801
395,769,19790802
395,769,19790803
396,772,19790803
396,772,19790804
396,772,19790805
396,772,19790806
396,772,19790807
396,772,19790808
396,772,19790809
396,772,19790810
397,771,19790806
398,774,19790814
398,774,19790815
398,774,19790816
398,774,19790817
398,774,19790818
399,776,19790823
399,776,19790824
399,776,19790825
399,776,19790826
400,782,19790917
400,782,19790918
400,782,19790919
400,782,19790920
400,782,19790921
400,782,19790922
400,782,19790923
401,781,19790921
401,781,19790922
401,781,19790923
401,781,19790924
401,781,19790925
402,800,19800522
402,800,19800523
402,800,19800524
403,799,19800526
404,801,19800625
404,801,19800626
404,801,19800627
404,801,19800628
404,801,19800629
405,802,19800702
406,803,19800710
406,803,19800711
406,803,19800712
406,803,19800713
407,804,19800717
408,804,19800718
408,804,19800719
408,804,19800720
409,805,19800721
409,805,19800722
409,805,19800723
410,806,19800726
410,806,19800727
411,809,19800817
411,809,19800818
411,809,19800819
411,809,19800820
412,810,19800827
412,810,19800828
412,810,19800829
413,811,19800828
413,811,19800829
413,811,19800830
413,811,19800831
414,814,19800905
414,814,19800906
415,816,19800910
415,816,19800911
415,816,19800912
416,816,19800913
416,816,19800914
416,816,19800915
416,816,19800916
417,815,19800911
417,815,19800912
418,817,19800918
418,817,19800919
419,821,19801013
420,832,19810608
420,832,19810609
420,832,19810610
420,832,19810611
420,832,19810612
420,832,19810613
420,832,19810614
420,832,19810615
421,833,19810620
421,833,19810621
421,833,19810622
422,834,19810702
422,834,19810703
422,834,19810704
422,834,19810705
423,835,19810705
423,835,19810706
423,835,19810707
423,835,19810708
424,836,19810719
424,836,19810720
424,836,19810721
424,836,19810722
424,836,19810723
424,836,19810724
424,836,19810725
425,837,19810721
425,837,19810722
425,837,19810723
425,837,19810724
425,837,19810725
425,837,19810726
425,837,19810727
425,837,19810728
426,839,19810731
426,839,19810801
427,841,19810803
428,841,19810806
428,841,19810807
429,841,19810808
429,841,19810809
429,841,19810810
430,840,19810806
431,845,19810816
431,845,19810817
431,845,19810818
431,845,19810819
431,845,19810820
432,847,19810830
432,847,19810831
432,847,19810901
432,847,19810902
432,847,19810903
433,849,19810921
433,849,19810922
434,851,19810923
434,851,19810924
435,853,19811003
435,853,19811004
435,853,19811005
435,853,19811006
435,853,19811007
436,857,19811122
436,857,19811123
437,858,19811126
438,862,19811229
439,868,19820625
439,868,19820626
439,868,19820627
439,868,19820628
439,868,19820629
439,868,19820630
439,868,19820701
439,868,19820702
440,870,19820702
441,871,19820716
441,871,19820717
441,871,19820718
442,872,19820728
442,872,19820729
443,873,19820729
443,873,19820730
443,873,19820731
443,873,19820801
444,875,19820808
444,875,19820809
444,875,19820810
444,875,19820811
444,875,19820812
444,875,19820813
444,875,19820814
444,875,19820815
445,876,19820814
445,876,19820815
445,876,19820816
446,877,19820827
446,877,19820828
446,877,19820829
447,878,19820902
448,878,19820903
449,880,19820905
449,880,19820906
449,880,19820907
450,882,19820912
450,882,19820913
450,882,19820914
450,882,19820915
450,882,19820916
451,887,19821016
451,887,19821017
451,887,19821018
452,893,19830625
452,893,19830626
453,894,19830712
453,894,19830713
453,894,19830714
454,895,19830716
454,895,19830717
454,895,19830718
455,896,19830724
455,896,19830725
455,896,19830726
456,898,19830812
456,898,19830813
457,901,19830907
457,901,19830908
457,901,19830909
458,902,19830926
458,902,19830927
459,903,19830928
459,903,19830929
459,903,19830930
459,903,19831001
460,904,19831002
460,904,19831003
461,905,19831009
461,905,19831010
462,907,19831012
462,907,19831013
462,907,19831014
463,909,19831023
463,909,19831024
463,909,19831025
463,909,19831026
464,910,19831030
465,920,19840609
465,920,19840610
466,921,19840623
466,921,19840624
466,921,19840625
466,921,19840626
467,922,19840703
468,923,19840703
468,923,19840704
468,923,19840705
469,924,19840707
469,924,19840708
469,924,19840709
470,927,19840730
470,927,19840731
470,927,19840801
470,927,19840802
470,927,19840803
471,928,19840807
471,928,19840808
471,928,19840809
471,928,19840810
471,928,19840811
472,929,19840809
472,929,19840810
472,929,19840811
473,930,19840814
474,932,19840815
474,932,19840816
474,932,19840817
474,932,19840818
474,932,19840819
474,932,19840820
474,932,19840821
475,933,19840819
475,933,19840820
476,935,19840826
476,935,19840827
476,935,19840828
476,935,19840829
477,937,19840829
477,937,19840830
477,937,19840831
478,936,19840904
478,936,19840905
478,936,19840906
479,939,19840924
479,939,19840925
479,939,19840926
479,939,19840927
480,949,19841101
481,951,19841108
482,959,19850615
482,959,19850616
482,959,19850617
482,959,19850618
482,959,19850619
482,959,19850620
482,959,19850621
483,960,19850617
483,960,19850618
484,961,19850622
484,961,19850623
484,961,19850624
484,961,19850625
484,961,19850626
484,961,19850627
484,961,19850628
485,963,19850628
485,963,19850629
485,963,19850630
485,963,19850701
485,963,19850702
486,964,19850707
486,964,19850708
487,965,19850729
487,965,19850730
487,965,19850731
487,965,19850801
487,965,19850802
487,965,19850803
488,967,19850808
488,967,19850809
488,967,19850810
488,967,19850811
488,967,19850812
488,967,19850813
488,967,19850814
488,967,19850815
489,966,19850809
490,966,19850810
491,968,19850812
491,968,19850813
491,968,19850814
491,968,19850815
492,969,19850814
492,969,19850815
492,969,19850816
492,969,19850817
492,969,19850818
492,969,19850819
492,969,19850820
493,971,19850819
493,971,19850820
493,971,19850821
493,971,19850822
493,971,19850823
493,971,19850824
493,971,19850825
493,971,19850826
493,971,19850827
493,971,19850828
493,971,19850829
493,971,19850830
493,971,19850831
494,970,19850822
494,970,19850823
494,970,19850824
494,970,19850825
495,973,19850824
495,973,19850825
495,973,19850826
496,972,19850830
496,972,19850831
497,977,19850901
497,977,19850902
497,977,19850903
497,977,19850904
498,976,19850904
498,976,19850905
498,976,19850906
498,976,19850907
498,976,19850908
499,978,19850917
500,979,19850919
500,979,19850920
500,979,19850921
500,979,19850922
500,979,19850923
501,980,19850927
501,980,19850928
501,980,19850929
501,980,19850930
501,980,19851001
502,981,19851003
502,981,19851004
502,981,19851005
503,981,19851006
503,981,19851007
504,983,19851014
504,983,19851015
504,983,19851016
505,984,19851020
505,984,19851021
505,984,19851022
506,993,19860516
506,993,19860517
506,993,19860518
506,993,19860519
506,993,19860520
506,993,19860521
506,993,19860522
506,993,19860523
506,993,19860524
507,993,19860526
507,993,19860527
508,995,19860623
508,995,19860624
509,996,19860623
509,996,19860624
509,996,19860625
509,996,19860626
510,998,19860710
510,998,19860711
510,998,19860712
510,998,19860713
511,1000,19860719
511,1000,19860720
511,1000,19860721
511,1000,19860722
511,1000,19860723
512,1001,19860726
512,1001,19860727
513,1005,19860809
513,1005,19860810
514,1006,19860810
514,1006,19860811
514,1006,19860812
515,1009,19860819
515,1009,19860820
515,1009,19860821
515,1009,19860822
516,1009,19860824
517,1009,19860825
517,1009,19860826
518,1009,19860829
518,1009,19860830
518,1009,19860831
519,1009,19860904
519,1009,19860905
519,1009,19860906
520,1008,19860826
520,1008,19860827
520,1008,19860828
520,1008,19860829
520,1008,19860830
520,1008,19860831
521,1011,19860919
521,1011,19860920
522,1014,19861009
522,1014,19861010
522,1014,19861011
523,1015,19861015
524,1015,19861016
524,1015,19861017
524,1015,19861018
524,1015,19861019
525,1017,19861021
525,1017,19861022
526,1018,19861111
526,1018,19861112
527,1019,19861115
527,1019,19861116
528,1028,19870617
528,1028,19870618
528,1028,19870619
528,1028,19870620
529,1029,19870617
529,1029,19870618
530,1031,19870714
530,1031,19870715
531,1031,19870716
531,1031,19870717
532,1032,19870720
532,1032,19870721
532,1032,19870722
533,1034,19870726
533,1034,19870727
533,1034,19870728
533,1034,19870729
533,1034,19870730
534,1035,19870814
534,1035,19870815
534,1035,19870816
534,1035,19870817
535,1037,19870820
535,1037,19870821
535,1037,19870822
535,1037,19870823
536,1039,19870830
537,1039,19870831
538,1041,19870904
538,1041,19870905
539,1040,19870909
539,1040,19870910
539,1040,19870911
540,1048,19871025
540,1048,19871026
540,1048,19871027
540,1048,19871028
541,1050,19871127
541,1050,19871128
541,1050,19871129
542,1054,19880531
542,1054,19880601
542,1054,19880602
543,1055,19880605
543,1055,19880606
544,1057,19880629
545,1058,19880708
546,1058,19880710
547,1059,19880718
547,1059,19880719
547,1059,19880720
548,1062,19880801
548,1062,19880802
548,1062,19880803
548,1062,19880804
549,1063,19880807
549,1063,19880808
549,1063,19880809
550,1075,19880920
550,1075,19880921
550,1075,19880922
551,1076,19880922
551,1076,19880923
551,1076,19880924
552,1078,19880930
552,1078,19881001
552,1078,19881002
552,1078,19881003
552,1078,19881004
553,1080,19881010
554,1082,19881015
554,1082,19881016
555,1083,19881021
555,1083,19881022
555,1083,19881023
556,1084,19881027
556,1084,19881028
556,1084,19881029
557,1086,19881110
557,1086,19881111
557,1086,19881112
558,1091,19890519
558,1091,19890520
558,1091,19890521
559,1092,19890523
559,1092,19890524
559,1092,19890525
559,1092,19890526
560,1093,19890608
560,1093,19890609
560,1093,19890610
560,1093,19890611
561,1094,19890625
562,1095,19890625
562,1095,19890626
562,1095,19890627
563,1096,19890710
563,1096,19890711
564,1097,19890717
564,1097,19890718
564,1097,19890719
565,1098,19890718
565,1098,19890719
565,1098,19890720
565,1098,19890721
565,1098,19890722
565,1098,19890723
566,1099,19890722
566,1099,19890723
566,1099,19890724
567,1100,19890729
568,1102,19890729
568,1102,19890730
569,1101,19890803
569,1101,19890804
569,1101,19890805
569,1101,19890806
569,1101,19890807
570,1103,19890807
571,1104,19890809
571,1104,19890810
571,1104,19890811
571,1104,19890812
572,1108,19890816
572,1108,19890817
572,1108,19890818
572,1108,19890819
572,1108,19890820
573,1109,19890822
574,1111,19890823
574,1111,19890824
574,1111,19890825
575,1113,19890911
575,1113,19890912
576,1114,19890911
576,1114,19890912
576,1114,19890913
576,1114,19890914
577,1116,19890915
577,1116,19890916
577,1116,19890917
578,1117,19890917
578,1117,19890918
579,1119,19890929
579,1119,19890930
579,1119,19891001
579,1119,19891002
579,1119,19891003
580,1118,19891008
580,1118,19891009
580,1118,19891010
581,1121,19891012
581,1121,19891013
581,1121,19891014
582,1122,19891021
582,1122,19891022
583,1130,19900517
583,1130,19900518
583,1130,19900519
584,1130,19900520
585,1132,19900524
585,1132,19900525
585,1132,19900526
585,1132,19900527
585,1132,19900528
585,1132,19900529
586,1133,19900615
586,1133,19900616
586,1133,19900617
586,1133,19900618
586,1133,19900619
587,1134,19900615
588,1135,19900623
588,1135,19900624
588,1135,19900625
588,1135,19900626
589,1136,19900628
589,1136,19900629
589,1136,19900630
590,1137,19900709
590,1137,19900710
590,1137,19900711
591,1137,19900712
591,1137,19900713
591,1137,19900714
592,1138,19900720
592,1138,19900721
592,1138,19900722
592,1138,19900723
593,1142,19900728
593,1142,19900729
593,1142,19900730
593,1142,19900731
594,1144,19900804
594,1144,19900805
595,1145,19900818
595,1145,19900819
595,1145,19900820
595,1145,19900821
595,1145,19900822
595,1145,19900823
596,1147,19900822
597,1148,19900827
597,1148,19900828
597,1148,19900829
598,1148,19900830
599,1149,19900830
599,1149,19900831
599,1149,19900901
599,1149,19900902
600,1150,19900902
600,1150,19900903
600,1150,19900904
600,1150,19900905
601,1151,19900907
602,1152,19900907
602,1152,19900908
602,1152,19900909
602,1152,19900910
603,1153,19900910
603,1153,19900911
603,1153,19900912
604,1154,19900916
604,1154,19900917
604,1154,19900918
604,1154,19900919
604,1154,19900920
605,1156,19900927
606,1158,19901003
607,1161,19901017
608,1162,19901115
608,1162,19901116
608,1162,19901117
608,1162,19901118
609,1169,19910428
610,1171,19910616
610,1171,19910617
611,1173,19910712
611,1173,19910713
611,1173,19910714
611,1173,19910715
612,1174,19910718
612,1174,19910719
612,1174,19910720
613,1175,19910723
613,1175,19910724
613,1175,19910725
614,1176,19910725
614,1176,19910726
614,1176,19910727
614,1176,19910728
615,1177,19910730
616,1180,19910814
616,1180,19910815
616,1180,19910816
616,1180,19910817
617,1179,19910817
617,1179,19910818
617,1179,19910819
618,1181,19910823
618,1181,19910824
619,1185,19910904
619,1185,19910905
619,1185,19910906
619,1185,19910907
619,1185,19910908
620,1189,19910917
620,1189,19910918
621,1189,19910922
621,1189,19910923
621,1189,19910924
621,1189,19910925
622,1189,19910930
622,1189,19911001
622,1189,19911002
623,1187,19910926
624,1196,19911120
625,1202,19920626
625,1202,19920627
625,1202,19920628
625,1202,19920629
625,1202,19920630
625,1202,19920701
626,1204,19920712
626,1204,19920713
626,1204,19920714
627,1205,19920716
627,1205,19920717
627,1205,19920718
628,1206,19920721
628,1206,19920722
628,1206,19920723
629,1208,19920805
630,1212,19920815
630,1212,19920816
630,1212,19920817
630,1212,19920818
630,1212,19920819
631,1215,19920829
631,1215,19920830
631,1215,19920831
632,1216,19920831
632,1216,19920901
632,1216,19920902
633,1214,19920904
633,1214,19920905
633,1214,19920906
633,1214,19920907
633,1214,19920908
634,1220,19920918
634,1220,19920919
634,1220,19920920
635,1219,19920921
635,1219,19920922
635,1219,19920923
635,1219,19920924
636,1227,19921028
637,1235,19930626
637,1235,19930627
637,1235,19930628
638,1237,19930710
638,1237,19930711
638,1237,19930712
639,1240,19930728
640,1241,19930730
640,1241,19930731
641,1242,19930810
641,1242,19930811
642,1243,19930814
643,1244,19930818
643,1244,19930819
643,1244,19930820
643,1244,19930821
643,1244,19930822
644,1247,19930827
644,1247,19930828
644,1247,19930829
645,1248,19930905
646,1250,19930912
646,1250,19930913
646,1250,19930914
647,1251,19930916
647,1251,19930917
647,1251,19930918
648,1252,19930921
648,1252,19930922
648,1252,19930923
648,1252,19930924
648,1252,19930925
648,1252,19930926
648,1252,19930927
649,1257,19931012
649,1257,19931013
650,1259,19931103
650,1259,19931104
650,1259,19931105
651,1267,19940603
651,1267,19940604
651,1267,19940605
651,1267,19940606
651,1267,19940607
651,1267,19940608
651,1267,19940609
652,1268,19940609
652,1268,19940610
652,1268,19940611
653,1269,19940624
653,1269,19940625
654,1270,19940702
654,1270,19940703
654,1270,19940704
654,1270,19940705
654,1270,19940706
655,1271,19940710
655,1271,19940711
655,1271,19940712
655,1271,19940713
656,1272,19940711
657,1276,19940718
657,1276,19940719
657,1276,19940720
657,1276,19940721
657,1276,19940722
658,1278,19940726
658,1278,19940727
658,1278,19940728
658,1278,19940729
658,1278,19940730
658,1278,19940731
659,1279,19940731
660,1279,19940801
661,1280,19940803
661,1280,19940804
661,1280,19940805
662,1281,19940807
662,1281,19940808
662,1281,19940809
662,1281,19940810
663,1281,19940811
664,1281,19940812
664,1281,19940813
665,1282,19940813
665,1282,19940814
665,1282,19940815
665,1282,19940816
665,1282,19940817
666,1284,19940820
666,1284,19940821
666,1284,19940822
666,1284,19940823
666,1284,19940824
666,1284,19940825
667,1286,19940826
667,1286,19940827
667,1286,19940828
667,1286,19940829
668,1285,19940901
668,1285,19940902
668,1285,19940903
669,1289,19940903
669,1289,19940904
669,1289,19940905
669,1289,19940906
669,1289,19940907
669,1289,19940908
670,1291,19940911
670,1291,19940912
670,1291,19940913
670,1291,19940914
671,1297,19941009
671,1297,19941010
671,1297,19941011
672,1297,19941012
673,1297,19941013
674,1303,19941225
674,1303,19941226
675,1306,19950605
676,1306,19950607
676,1306,19950608
676,1306,19950609
677,1307,19950722
678,1307,19950723
678,1307,19950724
679,1308,19950729
679,1308,19950730
679,1308,19950731
679,1308,19950801
679,1308,19950802
680,1309,19950810
680,1309,19950811
680,1309,19950812
680,1309,19950813
681,1310,19950817
681,1310,19950818
681,1310,19950819
681,1310,19950820
682,1311,19950823
682,1311,19950824
682,1311,19950825
682,1311,19950826
682,1311,19950827
683,1312,19950826
683,1312,19950827
683,1312,19950828
683,1312,19950829
683,1312,19950830
684,1313,19950830
684,1313,19950831
684,1313,19950901
685,1315,19950906
685,1315,19950907
686,1318,19950918
686,1318,19950919
686,1318,19950920
686,1318,19950921
686,1318,19950922
687,1319,19951002
687,1319,19951003
687,1319,19951004
688,1320,19951009
688,1320,19951010
688,1320,19951011
688,1320,19951012
688,1320,19951013
688,1320,19951014
689,1324,19951101
690,1325,19951105
690,1325,19951106
690,1325,19951107
691,1335,19960721
691,1335,19960722
691,1335,19960723
691,1335,19960724
692,1336,19960726
692,1336,19960727
692,1336,19960728
693,1337,19960731
693,1337,19960801
693,1337,19960802
693,1337,19960803
694,1340,19960804
694,1340,19960805
694,1340,19960806
694,1340,19960807
694,1340,19960808
695,1341,19960811
695,1341,19960812
695,1341,19960813
695,1341,19960814
695,1341,19960815
696,1342,19960821
696,1342,19960822
696,1342,19960823
697,1345,19960908
697,1345,19960909
698,1346,19960911
698,1346,19960912
698,1346,19960913
699,1349,19960916
699,1349,19960917
699,1349,19960918
699,1349,19960919
699,1349,19960920
699,1349,19960921
699,1349,19960922
700,1351,19960929
701,1352,19961013
701,1352,19961014
702,1352,19961015
703,1353,19961020
704,1353,19961021
705,1355,19961103
706,1357,19961110
706,1357,19961111
707,1367,19970627
708,1371,19970731
708,1371,19970801
708,1371,19970802
708,1371,19970803
708,1371,19970804
709,1370,19970807
709,1370,19970808
710,1370,19970809
711,1372,19970817
711,1372,19970818
711,1372,19970819
711,1372,19970820
712,1373,19970820
712,1373,19970821
712,1373,19970822
713,1375,19970820
713,1375,19970821
713,1375,19970822
713,1375,19970823
714,1378,19970827
714,1378,19970828
715,1378,19970829
715,1378,19970830
716,1376,19970828
716,1376,19970829
716,1376,19970830
717,1381,19970922
717,1381,19970923
717,1381,19970924
717,1381,19970925
718,1389,19980708
718,1389,19980709
718,1389,19980710
718,1389,19980711
719,1390,19980710
719,1390,19980711
720,1391,19980804
720,1391,19980805
721,1392,19980809
721,1392,19980810
721,1392,19980811
722,1393,19980821
722,1393,19980822
722,1393,19980823
723,1396,19980911
723,1396,19980912
723,1396,19980913
723,1396,19980914
724,1398,19980919
724,1398,19980920
725,1401,19980928
725,1401,19980929
725,1401,19980930
726,1402,19981003
726,1402,19981004
726,1402,19981005
727,1403,19981015
727,1403,19981016
728,1404,19981025
728,1404,19981026
728,1404,19981027
729,1407,19981126
730,1412,19990427
730,1412,19990428
730,1412,19990429
730,1412,19990430
730,1412,19990501
730,1412,19990502
731,1413,19990606
731,1413,19990607
731,1413,19990608
732,1418,19990724
732,1418,19990725
732,1418,19990726
732,1418,19990727
733,1417,19990727
733,1417,19990728
734,1419,19990802
734,1419,19990803
734,1419,19990804
735,1421,19990805
735,1421,19990806
735,1421,19990807
736,1421,19990809
737,1420,19990807
737,1420,19990808
737,1420,19990809
738,1422,19990821
738,1422,19990822
738,1422,19990823
738,1422,19990824
738,1422,19990825
739,1426,19990903
739,1426,19990904
739,1426,19990905
739,1426,19990906
740,1427,19990914
740,1427,19990915
740,1427,19990916
740,1427,19990917
741,1429,19990916
741,1429,19990917
741,1429,19990918
741,1429,19990919
741,1429,19990920
742,1431,19990923
743,1431,19990924
743,1431,19990925
743,1431,19990926
744,1432,19991008
744,1432,19991009
745,1433,19991018
745,1433,19991019
745,1433,19991020
746,1441,20000531
746,1441,20000601
747,1442,20000616
747,1442,20000617
747,1442,20000618
748,1444,20000706
748,1444,20000707
749,1444,20000708
749,1444,20000709
749,1444,20000710
749,1444,20000711
750,1445,20000715
750,1445,20000716
750,1445,20000717
750,1445,20000718
750,1445,20000719
750,1445,20000720
751,1447,20000731
752,1449,20000809
752,1449,20000810
752,1449,20000811
753,1452,20000821
753,1452,20000822
754,1451,20000822
754,1451,20000823
754,1451,20000824
754,1451,20000825
754,1451,20000826
755,1453,20000829
755,1453,20000830
755,1453,20000831
755,1453,20000901
756,1454,20000829
756,1454,20000830
756,1454,20000831
756,1454,20000901
756,1454,20000902
757,1457,20000906
757,1457,20000907
757,1457,20000908
757,1457,20000909
757,1457,20000910
758,1455,20000913
758,1455,20000914
758,1455,20000915
759,1455,20000916
760,1460,20001011
760,1460,20001012
761,1461,20001025
761,1461,20001026
762,1462,20001031
762,1462,20001101
763,1463,20001106
763,1463,20001107
764,1466,20010513
765,1467,20010622
765,1467,20010623
765,1467,20010624
766,1468,20010630
766,1468,20010701
766,1468,20010702
766,1468,20010703
767,1469,20010705
767,1469,20010706
767,1469,20010707
768,1470,20010711
768,1470,20010712
769,1472,20010724
769,1472,20010725
769,1472,20010726
770,1473,20010729
770,1473,20010730
770,1473,20010731
770,1473,20010801
770,1473,20010802
771,1474,20010803
771,1474,20010804
771,1474,20010805
771,1474,20010806
771,1474,20010807
771,1474,20010808
772,1476,20010809
772,1476,20010810
772,1476,20010811
773,1481,20010827
773,1481,20010828
773,1481,20010829
773,1481,20010830
773,1481,20010831
773,1481,20010901
773,1481,20010902
773,1481,20010903
773,1481,20010904
773,1481,20010905
773,1481,20010906
773,1481,20010907
773,1481,20010908
773,1481,20010909
773,1481,20010910
773,1481,20010911
773,1481,20010912
774,1483,20010905
774,1483,20010906
775,1483,20010908
775,1483,20010909
775,1483,20010910
776,1483,20010913
776,1483,20010914
776,1483,20010915
776,1483,20010916
776,1483,20010917
776,1483,20010918
776,1483,20010919
776,1483,20010920
776,1483,20010921
777,1486,20010925
777,1486,20010926
777,1486,20010927
777,1486,20010928
777,1486,20010929
777,1486,20010930
778,1488,20011016
779,1499,20020528
779,1499,20020529
780,1500,20020605
780,1500,20020606
780,1500,20020607
781,1501,20020703
781,1501,20020704
781,1501,20020705
782,1501,20020706
783,1504,20020707
783,1504,20020708
783,1504,20020709
783,1504,20020710
783,1504,20020711
784,1505,20020726
784,1505,20020727
784,1505,20020728
785,1509,20020802
785,1509,20020803
785,1509,20020804
785,1509,20020805
785,1509,20020806
786,1511,20020817
786,1511,20020818
786,1511,20020819
786,1511,20020820
787,1512,20020831
788,1512,20020901
789,1513,20020905
789,1513,20020906
789,1513,20020907
789,1513,20020908
790,1515,20020909
790,1515,20020910
790,1515,20020911
790,1515,20020912
790,1515,20020913
790,1515,20020914
790,1515,20020915
791,1517,20020923
791,1517,20020924
791,1517,20020925
791,1517,20020926
791,1517,20020927
791,1517,20020928
792,1525,20030424
792,1525,20030425
793,1529,20030602
794,1530,20030618
795,1531,20030720
795,1531,20030721
795,1531,20030722
796,1532,20030723
796,1532,20030724
796,1532,20030725
797,1533,20030803
797,1533,20030804
797,1533,20030805
798,1536,20030819
798,1536,20030820
799,1537,20030819
799,1537,20030820
799,1537,20030821
800,1535,20030823
800,1535,20030824
800,1535,20030825
800,1535,20030826
801,1538,20030901
801,1538,20030902
801,1538,20030903
802,1539,20030911
802,1539,20030912
803,1539,20030913
804,1542,20031009
805,1542,20031010
806,1545,20031103
807,1545,20031105
808,1546,20031116
808,1546,20031117
808,1546,20031118
808,1546,20031119
809,1555,20040608
809,1555,20040609
810,1556,20040612
811,1558,20040701
811,1558,20040702
811,1558,20040703
811,1558,20040704
811,1558,20040705
812,1560,20040715
812,1560,20040716
813,1562,20040726
813,1562,20040727
814,1561,20040802
815,1565,20040811
815,1565,20040812
815,1565,20040813
815,1565,20040814
816,1567,20040817
816,1567,20040818
817,1569,20040823
817,1569,20040824
817,1569,20040825
817,1569,20040826
817,1569,20040827
818,1573,20040910
818,1573,20040911
818,1573,20040912
818,1573,20040913
818,1573,20040914
818,1573,20040915
818,1573,20040916
819,1574,20040927
820,1577,20041025
820,1577,20041026
821,1580,20041203
821,1580,20041204
822,1587,20050718
822,1587,20050719
822,1587,20050720
822,1587,20050721
823,1590,20050728
823,1590,20050729
823,1590,20050730
823,1590,20050731
824,1591,20050804
824,1591,20050805
824,1591,20050806
824,1591,20050807
824,1591,20050808
824,1591,20050809
825,1592,20050812
825,1592,20050813
825,1592,20050814
825,1592,20050815
826,1595,20050831
826,1595,20050901
826,1595,20050902
826,1595,20050903
827,1597,20050910
827,1597,20050911
827,1597,20050912
827,1597,20050913
828,1598,20050917
828,1598,20050918
828,1598,20050919
829,1600,20050923
829,1600,20050924
829,1600,20050925
829,1600,20050926
829,1600,20050927
830,1601,20051002
830,1601,20051003
831,1603,20051030
831,1603,20051031
831,1603,20051101
831,1603,20051102
832,1604,20051112
833,1608,20060516
833,1608,20060517
833,1608,20060518
833,1608,20060519
834,1609,20060627
834,1609,20060628
834,1609,20060629
835,1611,20060702
835,1611,20060703
835,1611,20060704
836,1610,20060709
837,1610,20060710
837,1610,20060711
838,1610,20060712
839,1612,20060713
839,1612,20060714
839,1612,20060715
839,1612,20060716
839,1612,20060717
840,1613,20060724
840,1613,20060725
840,1613,20060726
840,1613,20060727
840,1613,20060728
840,1613,20060729
841,1614,20060802
841,1614,20060803
841,1614,20060804
841,1614,20060805
842,1617,20060808
842,1617,20060809
842,1617,20060810
842,1617,20060811
843,1616,20060809
843,1616,20060810
843,1616,20060811
844,1618,20060820
844,1618,20060821
845,1620,20060822
845,1620,20060823
845,1620,20060824
845,1620,20060825
846,1623,20060910
846,1623,20060911
846,1623,20060912
846,1623,20060913
847,1622,20060915
847,1622,20060916
848,1622,20060919
849,1625,20060923
849,1625,20060924
849,1625,20060925
850,1626,20060930
850,1626,20061001
851,1631,20061113
851,1631,20061114
852,1633,20061213
852,1633,20061214
853,1637,20070703
853,1637,20070704
853,1637,20070705
853,1637,20070706
854,1640,20070804
854,1640,20070805
854,1640,20070806
854,1640,20070807
855,1641,20070807
855,1641,20070808
855,1641,20070809
855,1641,20070810
855,1641,20070811
856,1642,20070808
856,1642,20070809
857,1643,20070817
857,1643,20070818
857,1643,20070819
857,1643,20070820
857,1643,20070821
857,1643,20070822
857,1643,20070823
857,1643,20070824
858,1646,20070914
858,1646,20070915
859,1647,20070918
859,1647,20070919
859,1647,20070920
860,1648,20070923
860,1648,20070924
860,1648,20070925
861,1649,20071001
861,1649,20071002
861,1649,20071003
862,1650,20071006
862,1650,20071007
862,1650,20071008
862,1650,20071009
863,1656,20071108
863,1656,20071109
864,1658,20071126
864,1658,20071127
865,1661,20080417
865,1661,20080418
865,1661,20080419
866,1666,20080623
866,1666,20080624
866,1666,20080625
866,1666,20080626
866,1666,20080627
867,1667,20080717
867,1667,20080718
867,1667,20080719
867,1667,20080720
867,1667,20080721
867,1667,20080722
867,1667,20080723
868,1668,20080727
868,1668,20080728
868,1668,20080729
868,1668,20080730
868,1668,20080731
869,1669,20080804
869,1669,20080805
869,1669,20080806
869,1669,20080807
869,1669,20080808
870,1672,20080820
870,1672,20080821
870,1672,20080822
870,1672,20080823
871,1673,20080828
872,1674,20080913
872,1674,20080914
872,1674,20080915
872,1674,20080916
872,1674,20080917
873,1675,20080922
873,1675,20080923
873,1675,20080924
873,1675,20080925
874,1676,20080928
874,1676,20080929
874,1676,20080930
875,1677,20080928
875,1677,20080929
875,1677,20080930
876,1678,20081002
876,1678,20081003
876,1678,20081004
876,1678,20081005
876,1678,20081006
877,1679,20081013
877,1679,20081014
877,1679,20081015
878,1687,20090619
878,1687,20090620
878,1687,20090621
878,1687,20090622
878,1687,20090623
879,1688,20090625
879,1688,20090626
879,1688,20090627
880,1689,20090710
880,1689,20090711
880,1689,20090712
881,1690,20090713
881,1690,20090714
882,1691,20090718
882,1691,20090719
883,1692,20090803
883,1692,20090804
883,1692,20090805
883,1692,20090806
883,1692,20090807
883,1692,20090808
883,1692,20090809
884,1693,20090806
884,1693,20090807
884,1693,20090808
884,1693,20090809
884,1693,20090810
884,1693,20090811
885,1698,20090909
885,1698,20090910
885,1698,20090911
885,1698,20090912
886,1700,20090913
886,1700,20090914
886,1700,20090915
887,1701,20090927
887,1701,20090928
887,1701,20090929
887,1701,20090930
888,1703,20091011
888,1703,20091012
888,1703,20091013
888,1703,20091014
889,1707,20091018
889,1707,20091019
889,1707,20091020
890,1713,20100715
890,1713,20100716
890,1713,20100717
890,1713,20100718
891,1715,20100719
891,1715,20100720
892,1714,20100720
892,1714,20100721
892,1714,20100722
892,1714,20100723
893,1716,20100809
893,1716,20100810
894,1717,20100822
894,1717,20100823
894,1717,20100824
894,1717,20100825
895,1718,20100828
895,1718,20100829
895,1718,20100830
895,1718,20100831
895,1718,20100901
895,1718,20100902
895,1718,20100903
895,1718,20100904
896,1720,20100829
896,1720,20100830
896,1720,20100831
897,1719,20100831
897,1719,20100901
898,1719,20100902
899,1721,20100905
899,1721,20100906
900,1722,20100907
900,1722,20100908
900,1722,20100909
900,1722,20100910
900,1722,20100911
901,1723,20100918
901,1723,20100919
901,1723,20100920
901,1723,20100921
902,1725,20101004
902,1725,20101005
902,1725,20101006
902,1725,20101007
902,1725,20101008
902,1725,20101009
902,1725,20101010
903,1726,20101021
903,1726,20101022
903,1726,20101023
903,1726,20101024
904,1729,20101113
904,1729,20101114
905,1734,20110531
905,1734,20110601
906,1735,20110610
906,1735,20110611
907,1736,20110620
907,1736,20110621
907,1736,20110622
907,1736,20110623
907,1736,20110624
907,1736,20110625
908,1737,20110624
908,1737,20110625
908,1737,20110626
908,1737,20110627
909,1740,20110728
909,1740,20110729
909,1740,20110730
909,1740,20110731
910,1741,20110805
910,1741,20110806
910,1741,20110807
910,1741,20110808
910,1741,20110809
911,1744,20110828
911,1744,20110829
911,1744,20110830
911,1744,20110831
912,1745,20110905
912,1745,20110906
913,1747,20110910
914,1751,20110923
914,1751,20110924
914,1751,20110925
914,1751,20110926
914,1751,20110927
915,1750,20110928
915,1750,20110929
915,1750,20110930
916,1752,20111002
916,1752,20111003
916,1752,20111004
916,1752,20111005
917,1753,20111014
917,1753,20111015
918,1754,20111107
918,1754,20111108
918,1754,20111109
919,1762,20120616
919,1762,20120617
919,1762,20120618
919,1762,20120619
919,1762,20120620
920,1763,20120629
920,1763,20120630
921,1764,20120718
922,1764,20120719
922,1764,20120720
923,1765,20120721
923,1765,20120722
923,1765,20120723
923,1765,20120724
923,1765,20120725
924,1766,20120801
924,1766,20120802
924,1766,20120803
924,1766,20120804
924,1766,20120805
925,1767,20120801
925,1767,20120802
925,1767,20120803
925,1767,20120804
926,1768,20120806
926,1768,20120807
926,1768,20120808
926,1768,20120809
926,1768,20120810
926,1768,20120811
927,1770,20120816
927,1770,20120817
927,1770,20120818
928,1771,20120823
928,1771,20120824
928,1771,20120825
928,1771,20120826
928,1771,20120827
928,1771,20120828
928,1771,20120829
929,1771,20120830
929,1771,20120831
929,1771,20120901
930,1772,20120827
930,1772,20120828
930,1772,20120829
930,1772,20120830
931,1773,20120917
931,1773,20120918
932,1777,20121001
933,1780,20121026
933,1780,20121027
933,1780,20121028
933,1780,20121029
934,1787,20130619
934,1787,20130620
935,1788,20130621
935,1788,20130622
935,1788,20130623
935,1788,20130624
936,1789,20130701
936,1789,20130702
937,1790,20130712
937,1790,20130713
937,1790,20130714
938,1791,20130717
938,1791,20130718
938,1791,20130719
939,1792,20130801
939,1792,20130802
939,1792,20130803
940,1793,20130806
940,1793,20130807
940,1793,20130808
941,1794,20130813
941,1794,20130814
941,1794,20130815
941,1794,20130816
941,1794,20130817
941,1794,20130818
942,1795,20130816
943,1795,20130821
943,1795,20130822
943,1795,20130823
944,1796,20130818
944,1796,20130819
945,1799,20130828
945,1799,20130829
945,1799,20130830
946,1801,20130831
946,1801,20130901
946,1801,20130902
947,1804,20130917
947,1804,20130918
947,1804,20130919
948,1803,20130921
948,1803,20130922
948,1803,20130923
948,1803,20130924
949,1806,20130927
949,1806,20130928
949,1806,20130929
949,1806,20130930
950,1808,20131006
950,1808,20131007
951,1809,20131007
951,1809,20131008
952,1810,20131013
952,1810,20131014
952,1810,20131015
953,1815,20131102
953,1815,20131103
954,1815,20131104
955,1817,20131109
955,1817,20131110
955,1817,20131111
956,1825,20140609
956,1825,20140610
957,1826,20140613
957,1826,20140614
957,1826,20140615
957,1826,20140616
957,1826,20140617
958,1827,20140708
958,1827,20140709
959,1828,20140717
959,1828,20140718
959,1828,20140719
960,1829,20140722
960,1829,20140723
960,1829,20140724
960,1829,20140725
960,1829,20140726
961,1831,20140801
961,1831,20140802
962,1830,20140811
962,1830,20140812
963,1833,20140818
963,1833,20140819
963,1833,20140820
964,1835,20140906
964,1835,20140907
964,1835,20140908
965,1836,20140915
965,1836,20140916
965,1836,20140917
966,1837,20140920
966,1837,20140921
966,1837,20140922
966,1837,20140923
966,1837,20140924
967,1840,20141012
968,1848,20150406
969,1850,20150511
970,1852,20150619
970,1852,20150620
970,1852,20150621
970,1852,20150622
970,1852,20150623
970,1852,20150624
971,1854,20150706
971,1854,20150707
971,1854,20150708
971,1854,20150709
972,1853,20150710
972,1853,20150711
972,1853,20150712
973,1858,20150807
973,1858,20150808
973,1858,20150809
973,1858,20150810
973,1858,20150811
974,1860,20150823
974,1860,20150824
975,1860,20150826
975,1860,20150827
976,1864,20150913
976,1864,20150914
976,1864,20150915
977,1866,20150928
977,1866,20150929
977,1866,20150930
978,1867,20151003
978,1867,20151004
978,1867,20151005
979,1874,20160526
979,1874,20160527
979,1874,20160528
980,1875,20160708
980,1875,20160709
980,1875,20160710
981,1878,20160726
981,1878,20160727
981,1878,20160728
982,1879,20160801
982,1879,20160802
982,1879,20160803
983,1883,20160815
983,1883,20160816
983,1883,20160817
983,1883,20160818
983,1883,20160819
983,1883,20160820
984,1885,20160830
985,1888,20160905
985,1888,20160906
986,1890,20160912
986,1890,20160913
987,1890,20160914
988,1889,20160914
988,1889,20160915
988,1889,20160916
988,1889,20160917
989,1891,20160916
989,1891,20160917
989,1891,20160918
989,1891,20160919
990,1892,20160927
990,1892,20160928
990,1892,20160929
991,1893,20161004
992,1894,20161006
992,1894,20161007
992,1894,20161008
992,1894,20161009
992,1894,20161010
992,1894,20161011
993,1894,20161012
993,1894,20161013
993,1894,20161014
994,1896,20161017
994,1896,20161018
994,1896,20161019
994,1896,20161020
995,1897,20161020
995,1897,20161021
995,1897,20161022
996,1903,20170419
996,1903,20170420
997,1905,20170611
997,1905,20170612
997,1905,20170613
998,1906,20170702
998,1906,20170703
999,1907,20170714
999,1907,20170715
999,1907,20170716
999,1907,20170717
1000,1911,20170721
1000,1911,20170722
1000,1911,20170723
1000,1911,20170724
1000,1911,20170725
1001,1911,20170728
1001,1911,20170729
1002,1910,20170722
1002,1910,20170723
1003,1913,20170727
1004,1913,20170729
1004,1913,20170730
1004,1913,20170731
1004,1913,20170801
1004,1913,20170802
1004,1913,20170803
1005,1912,20170729
1005,1912,20170730
1005,1912,20170731
1006,1916,20170822
1006,1916,20170823
1006,1916,20170824
1006,1916,20170825
1007,1917,20170826
1007,1917,20170827
1007,1917,20170828
1008,1919,20170831
1008,1919,20170901
1008,1919,20170902
1008,1919,20170903
1008,1919,20170904
1009,1920,20170906
1009,1920,20170907
1010,1921,20170913
1010,1921,20170914
1010,1921,20170915
1010,1921,20170916
1011,1922,20170913
1011,1922,20170914
1011,1922,20170915
1011,1922,20170916
1012,1923,20170923
1012,1923,20170924
1012,1923,20170925
1013,1924,20171008
1013,1924,20171009
1013,1924,20171010
1014,1925,20171014
1014,1925,20171015
1014,1925,20171016
1015,1929,20171112
1015,1929,20171113
1016,1937,20180603
1016,1937,20180604
1016,1937,20180605
1016,1937,20180606
1016,1937,20180607
1016,1937,20180608
1016,1937,20180609
1016,1937,20180610
1017,1939,20180613
1017,1939,20180614
1017,1939,20180615
1018,1940,20180704
1019,1941,20180710
1019,1941,20180711
1019,1941,20180712
1019,1941,20180713
1020,1942,20180717
1020,1942,20180718
1020,1942,20180719
1020,1942,20180720
1020,1942,20180721
1020,1942,20180722
1020,1942,20180723
1020,1942,20180724
1021,1943,20180721
1021,1943,20180722
1021,1943,20180723
1021,1943,20180724
1021,1943,20180725
1021,1943,20180726
1022,1944,20180722
1022,1944,20180723
1022,1944,20180724
1023,1946,20180801
1023,1946,20180802
1023,1946,20180803
1023,1946,20180804
1024,1951,20180809
1024,1951,20180810
1024,1951,20180811
1024,1951,20180812
1024,1951,20180813
1024,1951,20180814
1024,1951,20180815
1024,1951,20180816
1024,1951,20180817
1025,1949,20180812
1025,1949,20180813
1025,1949,20180814
1025,1949,20180815
1026,1953,20180815
1026,1953,20180816
1026,1953,20180817
1026,1953,20180818
1026,1953,20180819
1026,1953,20180820
1027,1954,20180822
1028,1954,20180823
1029,1954,20180824
1029,1954,20180825
1030,1956,20180822
1030,1956,20180823
1030,1956,20180824
1030,1956,20180825
1031,1957,20180905
1032,1959,20180909
1032,1959,20180910
1032,1959,20180911
1032,1959,20180912
1032,1959,20180913
1033,1958,20180915
1033,1958,20180916
1033,1958,20180917
1034,1961,20181005
1035,1962,20181101
1035,1962,20181102
1035,1962,20181103
1036,1973,20190702
1036,1973,20190703
1036,1973,20190704
1037,1974,20190718
1037,1974,20190719
1037,1974,20190720
1038,1974,20190721
1038,1974,20190722
1038,1974,20190723
1039,1976,20190730
1039,1976,20190731
1039,1976,20190801
1039,1976,20190802
1039,1976,20190803
1040,1977,20190807
1040,1977,20190808
1041,1978,20190808
1041,1978,20190809
1041,1978,20190810
1041,1978,20190811
1041,1978,20190812
1041,1978,20190813
1041,1978,20190814
1042,1979,20190816
1043,1980,20190824
1043,1980,20190825
1043,1980,20190826
1044,1981,20190828
1044,1981,20190829
1044,1981,20190830
1045,1983,20190831
1045,1983,20190901
1045,1983,20190902
1045,1983,20190903
1045,1983,20190904
1045,1983,20190905
1045,1983,20190906
1045,1983,20190907
1046,1982,20190905
1046,1982,20190906
1046,1982,20190907
1046,1982,20190908
1047,1985,20190907
1047,1985,20190908
1047,1985,20190909
1047,1985,20190910
1048,1987,20190921
1048,1987,20190922
1049,1988,20190930
1049,1988,20191001
1049,1988,20191002
1050,1997,20191123
1050,1997,20191124
1051,2000,20200516
1051,2000,20200517
1052,2001,20200613
1052,2001,20200614
1053,2002,20200731
1053,2002,20200801
1053,2002,20200802
1053,2002,20200803
1054,2003,20200802
1054,2003,20200803
1054,2003,20200804
1054,2003,20200805
1054,2003,20200806
1055,2004,20200809
1056,2004,20200810
1056,2004,20200811
1057,2005,20200810
1057,2005,20200811
1058,2007,20200817
1058,2007,20200818
1058,2007,20200819
1059,2008,20200821
1059,2008,20200822
1059,2008,20200823
1060,2008,20200825
1060,2008,20200826
1060,2008,20200827
1060,2008,20200828
1061,2009,20200901
1061,2009,20200902
1062,2009,20200903
1062,2009,20200904
1062,2009,20200905
1062,2009,20200906
1063,2010,20200907
1063,2010,20200908
1064,2011,20200917
1064,2011,20200918
1065,2015,20201010
1065,2015,20201011
1065,2015,20201012
1066,2016,20201012
1066,2016,20201013
1066,2016,20201014
1067,2017,20201015
1067,2017,20201016
1068,2018,20201023
1069,2018,20201024
1069,2018,20201025
1069,2018,20201026
1070,2020,20201028
1071,2021,20201105
1071,2021,20201106
1072,2022,20201107
1073,2024,20201113
1073,2024,20201114
1073,2024,20201115
1073,2024,20201116
1074,2029,20210603
1074,2029,20210604
1074,2029,20210605
1075,2030,20210611
1075,2030,20210612
1075,2030,20210613
1076,2032,20210706
1076,2032,20210707
1076,2032,20210708
1077,2034,20210717
1077,2034,20210718
1077,2034,20210719
1077,2034,20210720
1077,2034,20210721
1077,2034,20210722
1077,2034,20210723
1077,2034,20210724
1078,2033,20210723
1078,2033,20210724
1078,2033,20210725
1078,2033,20210726
1078,2033,20210727
1078,2033,20210728
1078,2033,20210729
1078,2033,20210730
1078,2033,20210731
1079,2035,20210730
1079,2035,20210731
1080,2036,20210802
1080,2036,20210803
1080,2036,20210804
1080,2036,20210805
1080,2036,20210806
1080,2036,20210807
1081,2037,20210803
1081,2037,20210804
1082,2039,20210822
1082,2039,20210823
1083,2039,20210824
1084,2041,20210910
1084,2041,20210911
1084,2041,20210912
1084,2041,20210913
1085,2042,20210911
1085,2042,20210912
1085,2042,20210913
1085,2042,20210914
1085,2042,20210915
1085,2042,20210916
1086,2043,20210923
1086,2043,20210924
1087,2045,20211006
1087,2045,20211007
1087,2045,20211008
1087,2045,20211009
1087,2045,20211010
1088,2046,20211012
1089,2046,20211013
1089,2046,20211014
1090,2051,20211219
1090,2051,20211220
1090,2051,20211221
1091,2054,20220630
1091,2054,20220701
1091,2054,20220702
1091,2054,20220703
1091,2054,20220704
1091,2054,20220705
1091,2054,20220706
1091,2054,20220707
1092,2056,20220730
1092,2056,20220731
1092,2056,20220801
1092,2056,20220802
1093,2057,20220801
1094,2058,20220803
1094,2058,20220804
1095,2059,20220808
1095,2059,20220809
1095,2059,20220810
1095,2059,20220811
1096,2061,20220824
1096,2061,20220825
1096,2061,20220826
1097,2063,20220903
1097,2063,20220904
1097,2063,20220905
1098,2063,20220906
1099,2065,20220912
1099,2065,20220913
1099,2065,20220914
1099,2065,20220915
1099,2065,20220916
1100,2069,20220926
1100,2069,20220927
1100,2069,20220928
1101,2073,20221014
1101,2073,20221015
1102,2074,20221017
1103,2074,20221018
1103,2074,20221019
1103,2074,20221020
1104,2076,20221023
1105,2077,20221101
1105,2077,20221102
1105,2077,20221103
1106,2085,20230715
1106,2085,20230716
1106,2085,20230717
1106,2085,20230718
1107,2086,20230727
1107,2086,20230728
1107,2086,20230729
1107,2086,20230730
1107,2086,20230731
1108,2087,20230802
1108,2087,20230803
1108,2087,20230804
1108,2087,20230805
1109,2087,20230810
1109,2087,20230811
1110,2088,20230816
1110,2088,20230817
1111,2090,20230830
1111,2090,20230831
1111,2090,20230901
1111,2090,20230902
1111,2090,20230903
1111,2090,20230904
1112,2092,20230902
1112,2092,20230903
1112,2092,20230904
1112,2092,20230905
1112,2092,20230906
1112,2092,20230907
1112,2092,20230908
1112,2092,20230909
1112,2092,20230910
1113,2095,20230924
1113,2095,20230925
1113,2095,20230926
1114,2096,20231004
1114,2096,20231005
1114,2096,20231006
1114,2096,20231007
1114,2096,20231008
1114,2096,20231009
1115,2098,20231017
1115,2098,20231018
1115,2098,20231019
1115,2098,20231020
1116,2102,20240530
1116,2102,20240531
1116,2102,20240601
1116,2102,20240602
1117,2103,20240714
1117,2103,20240715
1118,2105,20240720
1118,2105,20240721
1118,2105,20240722
1118,2105,20240723
1118,2105,20240724
1118,2105,20240725
1119,2104,20240724
1119,2104,20240725
1119,2104,20240726
1119,2104,20240727
1119,2104,20240728
1120,2110,20240819
1120,2110,20240820
1120,2110,20240821
1121,2112,20240904
1121,2112,20240905
1121,2112,20240906
1121,2112,20240907
1121,2112,20240908
1122,2114,20240915
1122,2114,20240916
1122,2114,20240917
1122,2114,20240918
1123,2116,20240917
1123,2116,20240918
1123,2116,20240919
1123,2116,20240920
1124,2115,20240918
1124,2115,20240919
1124,2115,20240920
1124,2115,20240921
1125,2117,20240920
1125,2117,20240921
1125,2117,20240922
1126,2120,20240930
1126,2120,20241001
1126,2120,20241002
1126,2120,20241003
1127,2122,20241026
1127,2122,20241027
1127,2122,20241028
1127,2122,20241029
1128,2123,20241031
1128,2123,20241101
1129,2124,20241110
1129,2124,20241111
1129,2124,20241112
1130,2125,20241113
1130,2125,20241114
1130,2125,20241115
1131,2127,20241115
1131,2127,20241116
1132,2126,20241118
1132,2126,20241119
1132,2126,20241120
