series,slope,p,y0,yN,n
PER_freq_1960,0.0,0.7135072130709008,1.2,0.4,65
RT_all_1960,0.3617715617715618,0.6876957160212149,68.17263157894736,68.10409207161126,65
PER_freq_1979,0.0,0.847375298611261,0.4,0.4,46
RT_all_1979,2.099282296650719,0.1346619979666024,63.8700983227299,68.10409207161126,46
TCWV_1960,0.2174515907135089,0.07270803087657884,49.19368790614046,50.201566152761096,65
IVT_1960,-5.456927563273246,0.0006959498984937529,204.67962855450418,128.08802803352532,65
dyn_1960,-1.9851981289847578,0.05215464263899072,92.96286655580987,39.62951344001445,65
the_1960,-0.07372679470435375,0.6143574557857812,10.54855518210137,7.21102750218577,65
interaction_1960,-0.06568405309590239,0.3802071371873732,10.160173103519364,2.3309169453924126,65
TCWV_1979,0.4984339519393026,0.0037644429337042595,47.466828541941894,50.201566152761096,46
IVT_1979,1.2095589486963914,0.49542428436678865,118.84461087343911,128.08802803352532,46
dyn_1979,-0.041257262259580714,1.0,44.192056060414515,39.62951344001445,46
the_1979,0.5203979312474081,0.0017811351697354372,4.477538080763532,7.21102750218577,46
interaction_1979,0.18839270701756897,0.011165863299880341,1.60269302268979,2.3309169453924126,46
TCWV_env_1979,0.29278975216551967,0.721176307474874,61.80015605176935,62.143867075190045,20
IVT_env_1979,1.6745609478350083,0.8711314915971582,350.84572229223596,346.08235658261935,20
