year,TCWV,IVT,dyn,the,interaction
1960,49.50919630009426,211.46530719268412,101.50406600721519,9.651655537577268,11.569383106277584
1961,50.599281410828006,233.07363582856757,121.55611819218788,12.794983885723775,16.335304433409142
1962,48.4126314817485,197.00984615054358,85.28878363715921,10.53705673658082,7.116354205395293
1963,48.643348122290554,202.02153003001916,86.85641181460248,10.528325011025396,10.209227388287596
1964,48.80398221574097,179.82782357070627,69.60895312788455,9.230754739599599,5.570596384227209
1965,44.95426259208007,136.1326334335479,47.061042928957555,7.130808835719566,2.7168066764361263
1966,44.98916013291471,122.4941324509323,43.652698392042865,10.04769680444681,2.663712747484084
1967,47.12819141045702,119.76396695056353,49.576167210471446,7.8006232606840396,3.03284115772486
1968,45.778877620765364,111.35448273277679,39.9161365527199,5.108059329411636,2.0808450722756304
1969,46.197208009905026,148.58544470675218,47.67141626099006,3.6928275904418726,1.4442623123733043
1970,47.48904277374483,138.8852072195921,37.45929474053736,3.9403891851099013,0.9520851606871564
1971,46.3652182888245,154.63633005641586,58.38782293129427,5.40857762156499,2.17411532732573
1972,46.01361728131988,128.09256340591955,34.300345561080725,4.31461260570228,1.0729505019128167
1973,48.073156455273896,148.24581779544283,46.09811689936543,4.000205834859295,1.5888823366946403
1974,44.724600080003285,131.711706721228,55.04410683219276,7.309858439113137,3.2739677508862846
1975,49.236578237009795,135.2953739245749,41.21511710121624,7.334651279053303,2.220067223347176
1976,46.364398399165566,114.11585118104423,29.067306043044265,3.4379615324669834,0.9559070253771939
1977,48.16345929889735,94.73786094830011,33.566332524651486,5.16380161817931,1.318277950548669
1978,48.60689326969894,116.80536349142699,53.29757056445886,5.58663092451722,2.485055603937163
1979,48.18293431292403,117.4740578095152,26.41566482822423,3.5615747723193536,0.821665175835044
1980,46.6387250932202,136.69648480459838,71.40905112534108,5.59147247085004,2.6328848630726376
1981,48.39776217683119,110.93045228282331,30.41952264097042,4.3255870772471186,1.0321888275268156
1982,46.90243112080073,94.89204249576615,41.038347084325295,4.749133780822878,2.027109264455213
1983,47.21229000593332,134.2300169744925,51.677694623211515,4.159922302578265,1.4996169825592391
1984,47.75533817008474,113.04164542805628,24.307098364782753,3.1020958690881,0.581036961926332
1985,47.97610279222635,111.52960004618137,56.199566384194846,3.9772839980091725,1.786379253850041
1986,45.53981910862258,94.11722925924471,50.771097329102815,5.921064974112747,2.4076412867033694
1987,46.68779940836331,111.52158629823435,41.892171946599184,4.929051211812484,1.5062278848536388
1988,47.65180689243517,106.7328223754811,44.808097459560614,3.779094377617923,1.062820643628005
1989,47.022029424801595,92.05009663264066,37.55892995959474,4.393693110777927,1.0656659243649789
1990,48.24261136016701,120.10499005634946,48.44347602876223,4.001714901625705,1.5647950217892266
1991,47.54869740136443,122.28236515795882,37.61997243983066,3.87527627338414,1.203113780377661
1992,45.45023130132104,95.54432571198065,30.37413965248488,5.557122932758288,1.351414176748456
1993,45.812317514742354,124.31659548080809,48.35544675396337,5.627736424063922,2.1568213111928305
1994,47.282472745254395,97.78860331690234,47.961919030669144,5.752878132167324,2.1001061184985597
1995,46.90275652701098,135.3924573933084,42.23473839914376,3.601218896753457,1.1053119109655818
1996,46.273464321539436,104.10579980757781,31.758372332170595,3.972824542852382,1.0747898392231026
1997,45.93839886067574,96.62243788480613,54.719816551842435,6.963095875881262,3.307470161604992
1998,48.215025006583204,132.02488545723133,53.10875206934661,3.450287990406343,1.311287812316211
1999,48.585696704869235,106.07124010366931,58.76281466179763,5.226423166124207,2.2324001243356437
2000,46.82535468515208,86.5964161227513,46.66494209386044,2.9717534680726296,1.1630232041737492
2001,46.71377026838802,92.29251050748147,52.58022608550831,4.928068674462259,1.6468540815341808
2002,46.334641732444446,86.42354969413236,61.167219815437306,5.132280897142409,2.3354896594254964
2003,46.0040175912937,118.4931625687805,33.708311306328795,5.0099170490617935,1.430373528972537
2004,44.94674420174683,80.78661031688799,44.90200700696009,7.037063230887766,2.711905312658411
2005,46.88722326787114,116.39004014318347,31.61410310502576,3.4827819230251365,0.7934331655353604
2006,47.21574716199036,100.45773875919993,33.24929672708062,2.7572579603290523,0.6178566689349804
2007,47.235398814433374,107.62771899942422,38.82962222315627,4.306886476026266,1.4410949097412877
2008,46.27900574186569,113.09106459362567,34.11856325632733,5.035162024667174,1.3585487873737305
2009,46.09277118885809,109.71920701722499,40.192294134055615,7.080779258035452,2.18794220012598
2010,48.1891038913242,123.23350714007866,46.42717305173102,3.3776147352486325,1.1715218795341207
2011,47.161019931890515,105.92960984360644,31.248799479091602,5.630583295494876,1.2792022758283534
2012,48.31618629644744,102.6827156012389,52.513940400293464,6.3636836322700265,2.3787653176578085
2013,47.52411600183945,136.72105996312933,48.48718899185609,4.604198184992221,1.7845957592844517
2014,48.04069710427979,113.170102660681,40.32694824505679,6.781557148260359,2.370932903560451
2015,46.45942599544329,105.03265632336694,48.45247723070417,6.429425556569222,2.148607087723053
2016,48.93000566843218,101.85339229041267,31.533144442640424,5.17627110150266,1.202759477430994
2017,48.64694995258829,136.24159199063112,49.04499022718324,5.142303679268645,2.149526280419296
2018,50.27352680412304,106.89262365148112,76.03127677490802,6.462913624939774,4.568504855878271
2019,48.11917211772041,99.31070072974279,56.31599352013651,6.327595768033215,2.845587871438475
2020,49.3056185914465,156.09344966828291,68.39647013578845,6.295256092825844,3.4419745464071183
2021,49.94852701245723,117.74198924215959,33.253310192321024,6.42061657708265,1.6975788011670319
2022,49.181042680987055,118.95051699241378,34.429558900390475,4.715018450574143,1.296929248593094
2023,50.94671364243958,110.96627869591848,31.302426992382994,9.255156672017524,2.4353457334291155
2024,51.62592883647511,136.6879055688519,30.765800979189297,9.369089718428693,2.7827563973657017
